user_input,retrieved_contexts,response,reference,llm_context_precision_with_reference,context_recall,context_entity_recall,faithfulness,answer_relevancy,factual_correctness(mode=f1)
특허법은 무엇을 목적으로 하는가?,"['③ 제135조제1항ㆍ제2항에 따른 권리범위 확인심판을 청구할 때에는 특허발명과 대비할 수 있는 설명서 및 필요한\n도면을 첨부하여야 한다.<개정 2016. 2. 29.>\n④ 제138조제1항에 따른 통상실시권 허락의 심판의 심판청구서에는 제1항 각 호의 사항 외에 다음 사항을 추가로\n적어야 한다.\n1. 실시하려는 자기의 특허의 번호 및 명칭\n2. 실시되어야 할 타인의 특허발명ㆍ등록실용신안 또는 등록디자인의 번호ㆍ명칭 및 특허나 등록 연월일\n3. 특허발명ㆍ등록실용신안 또는 등록디자인의 통상실시권의 범위ㆍ기간 및 대가\n⑤ 제136조제1항에 따른 정정심판을 청구할 때에는 심판청구서에 정정한 명세서 또는 도면을 첨부하여야 한다.\n[전문개정 2014. 6. 11.]\n \n제140조의2(특허거절결정에 대한 심판청구방식) ① 제132조의17에 따라 특허거절결정에 대한 심판을 청구하려는 자는', '제37조(특허를 받을 수 있는 권리의 이전 등) ① 특허를 받을 수 있는 권리는 이전할 수 있다.\n② 특허를 받을 수 있는 권리는 질권의 목적으로 할 수 없다.\n③ 특허를 받을 수 있는 권리가 공유인 경우에는 각 공유자는 다른 공유자 모두의 동의를 받아야만 그 지분을 양도\n할 수 있다.\n[전문개정 2014. 6. 11.]\n \n제38조(특허를 받을 수 있는 권리의 승계) ① 특허출원 전에 이루어진 특허를 받을 수 있는 권리의 승계는 그 승계인이\n특허출원을 하여야 제3자에게 대항할 수 있다.\n② 동일한 자로부터 동일한 특허를 받을 수 있는 권리를 승계한 자가 둘 이상인 경우 그 승계한 권리에 대하여 같은\n날에 둘 이상의 특허출원이 있으면 특허출원인 간에 협의하여 정한 자에게만 승계의 효력이 발생한다.\n③ 동일한 자로부터 동일한 발명 및 고안에 대한 특허를 받을 수 있는 권리 및 실용신안등록을 받을 수 있는 권리를\n승계한 자가 둘 이상인 경우 그 승계한 권리에 대하여 같은 날에 특허출원 및 실용신안등록출원이 있으면 특허출원\n인 및 실용신안등록출원인 간에 협의하여 정한 자에게만 승계의 효력이 발생한다.\n④ 특허출원 후에는 특허를 받을 수 있는 권리의 승계는 상속, 그 밖의 일반승계의 경우를 제외하고는 특허출원인변\n경신고를 하여야만 그 효력이 발생한다.\n⑤ 특허를 받을 수 있는 권리의 상속, 그 밖의 일반승계가 있는 경우에는 승계인은 지체 없이 그 취지를 지식재산처\n장에게 신고하여야 한다.<개정 2025. 10. 1.>', '[시행 2025. 11. 11.] [법률 제21134호, 2025. 11. 11., 타법개정]\n지식재산처 (특허제도과) 0425397\n지식재산처 (특허심사총괄과) 0425395\n 제1장 총칙 <개정 2014. 6. 11.>\n \n제1조(목적) 이 법은 발명을 보호ㆍ장려하고 그 이용을 도모함으로써 기술의 발전을 촉진하여 산업발전에 이바지함을\n목적으로 한다.\n[전문개정 2014. 6. 11.]\n \n제2조(정의) 이 법에서 사용하는 용어의 뜻은 다음과 같다. <개정 2019. 12. 10., 2025. 1. 21.>\n1. “발명”이란 자연법칙을 이용한 기술적 사상의 창작으로서 고도(高度)한 것을 말한다.\n2. “특허발명”이란 특허를 받은 발명을 말한다.\n3. “실시”란 다음 각 목의 구분에 따른 행위를 말한다.\n가. 물건의 발명인 경우: 그 물건을 생산ㆍ사용ㆍ양도ㆍ대여ㆍ수출 또는 수입하거나 그 물건의 양도 또는 대여의\n청약(양도 또는 대여를 위한 전시를 포함한다. 이하 같다)을 하는 행위\n나. 방법의 발명인 경우: 그 방법을 사용하는 행위 또는 그 방법의 사용을 청약하는 행위\n다. 물건을 생산하는 방법의 발명인 경우: 나목의 행위 외에 그 방법에 의하여 생산한 물건을 사용ㆍ양도ㆍ대여ㆍ\n수출 또는 수입하거나 그 물건의 양도 또는 대여의 청약을 하는 행위\n[전문개정 2014. 6. 11.]', '제133조(특허의 무효심판) ① 이해관계인(제2호 본문의 경우에는 특허를 받을 수 있는 권리를 가진 자만 해당한다) 또\n는 심사관은 특허가 다음 각 호의 어느 하나에 해당하는 경우에는 무효심판을 청구할 수 있다. 이 경우 청구범위의\n청구항이 둘 이상인 경우에는 청구항마다 청구할 수 있다. <개정 2016. 2. 29., 2021. 10. 19.>\n1. 제25조, 제29조, 제32조, 제36조제1항부터 제3항까지, 제42조제3항제1호 또는 같은 조 제4항을 위반한 경우\n2. 제33조제1항 본문에 따른 특허를 받을 수 있는 권리를 가지지 아니하거나 제44조를 위반한 경우. 다만, 제99조의\n2제2항에 따라 이전등록된 경우에는 제외한다.\n3. 제33조제1항 단서에 따라 특허를 받을 수 없는 경우\n4. 특허된 후 그 특허권자가 제25조에 따라 특허권을 누릴 수 없는 자로 되거나 그 특허가 조약을 위반한 경우\n5. 조약을 위반하여 특허를 받을 수 없는 경우\n6. 제47조제2항 전단에 따른 범위를 벗어난 보정인 경우', '제3조(미성년자 등의 행위능력) ① 미성년자ㆍ피한정후견인 또는 피성년후견인은 법정대리인에 의하지 아니하면 특허\n에 관한 출원ㆍ청구, 그 밖의 절차(이하 “특허에 관한 절차”라 한다)를 밟을 수 없다. 다만, 미성년자와 피한정후견인\n이 독립하여 법률행위를 할 수 있는 경우에는 그러하지 아니하다.\n② 제1항의 법정대리인은 후견감독인의 동의 없이 제132조의2에 따른 특허취소신청(이하 “특허취소신청”이라 한다\n)이나 상대방이 청구한 심판 또는 재심에 대한 절차를 밟을 수 있다.<개정 2016. 2. 29.>\n[전문개정 2014. 6. 11.]\n \n제4조(법인이 아닌 사단 등) 법인이 아닌 사단 또는 재단으로서 대표자나 관리인이 정하여져 있는 경우에는 그 사단 또\n는 재단의 이름으로 출원심사의 청구인, 특허취소신청인, 심판의 청구인ㆍ피청구인 또는 재심의 청구인ㆍ피청구인\n이 될 수 있다. <개정 2016. 2. 29.>\n[전문개정 2014. 6. 11.]']","특허법은 “발명을 보호·장려하고 그 이용을 도모함으로써 기술의 발전을 촉진하여 산업발전에 이바지함”을 목적으로 합니다【출처 3, 제1조(목적)】.",특허법은 발명을 보호ㆍ장려하고 그 이용을 도모함으로써 기술의 발전을 촉진하여 산업발전에 이바지함을 목적으로 한다.(제1조),0.3333333333,1.0,0.49999999875,1.0,0.45797655755036615,1.0
특허법에서 '발명'이란 무엇을 의미하는가?,"['[시행 2025. 11. 11.] [법률 제21134호, 2025. 11. 11., 타법개정]\n지식재산처 (특허제도과) 0425397\n지식재산처 (특허심사총괄과) 0425395\n 제1장 총칙 <개정 2014. 6. 11.>\n \n제1조(목적) 이 법은 발명을 보호ㆍ장려하고 그 이용을 도모함으로써 기술의 발전을 촉진하여 산업발전에 이바지함을\n목적으로 한다.\n[전문개정 2014. 6. 11.]\n \n제2조(정의) 이 법에서 사용하는 용어의 뜻은 다음과 같다. <개정 2019. 12. 10., 2025. 1. 21.>\n1. “발명”이란 자연법칙을 이용한 기술적 사상의 창작으로서 고도(高度)한 것을 말한다.\n2. “특허발명”이란 특허를 받은 발명을 말한다.\n3. “실시”란 다음 각 목의 구분에 따른 행위를 말한다.\n가. 물건의 발명인 경우: 그 물건을 생산ㆍ사용ㆍ양도ㆍ대여ㆍ수출 또는 수입하거나 그 물건의 양도 또는 대여의\n청약(양도 또는 대여를 위한 전시를 포함한다. 이하 같다)을 하는 행위\n나. 방법의 발명인 경우: 그 방법을 사용하는 행위 또는 그 방법의 사용을 청약하는 행위\n다. 물건을 생산하는 방법의 발명인 경우: 나목의 행위 외에 그 방법에 의하여 생산한 물건을 사용ㆍ양도ㆍ대여ㆍ\n수출 또는 수입하거나 그 물건의 양도 또는 대여의 청약을 하는 행위\n[전문개정 2014. 6. 11.]', '제136조(정정심판) ① 특허권자는 다음 각 호의 어느 하나에 해당하는 경우에는 특허발명의 명세서 또는 도면에 대하\n여 정정심판을 청구할 수 있다. <개정 2016. 2. 29.>\n1. 청구범위를 감축하는 경우\n2. 잘못 기재된 사항을 정정하는 경우\n3. 분명하지 아니하게 기재된 사항을 명확하게 하는 경우', '제106조의2(정부 등에 의한 특허발명의 실시) ① 정부는 특허발명이 국가 비상사태, 극도의 긴급상황 또는 공공의 이익\n을 위하여 비상업적(非商業的)으로 실시할 필요가 있다고 인정하는 경우에는 그 특허발명을 실시하거나 정부 외의\n자에게 실시하게 할 수 있다.\n② 정부 또는 제1항에 따른 정부 외의 자는 타인의 특허권이 존재한다는 사실을 알았거나 알 수 있을 때에는 제1항\n에 따른 실시 사실을 특허권자, 전용실시권자 또는 통상실시권자에게 신속하게 알려야 한다.\n③ 정부 또는 제1항에 따른 정부 외의 자는 제1항에 따라 특허발명을 실시하는 경우에는 특허권자, 전용실시권자\n또는 통상실시권자에게 정당한 보상금을 지급하여야 한다.\n④ 특허발명의 실시 및 보상금의 지급에 필요한 사항은 대통령령으로 정한다.\n[전문개정 2014. 6. 11.]', '서 또는 도면에 대하여 보정할 수 있다.<개정 2016. 2. 29.>\n⑫ 특허발명의 명세서 또는 도면에 대한 정정을 한다는 심결이 있는 경우 특허심판원장은 그 내용을 지식재산처장\n에게 알려야 한다.<개정 2016. 2. 29., 2025. 10. 1.>\n⑬ 지식재산처장은 제12항에 따른 통보가 있으면 이를 특허공보에 게재하여야 한다.<개정 2016. 2. 29., 2025. 10.\n1.>\n[전문개정 2014. 6. 11.]', '제107조(통상실시권 설정의 재정) ① 특허발명을 실시하려는 자는 특허발명이 다음 각 호의 어느 하나에 해당하고, 그\n특허발명의 특허권자 또는 전용실시권자와 합리적인 조건으로 통상실시권 허락에 관한 협의(이하 이 조에서 “협의\n”라 한다)를 하였으나 합의가 이루어지지 아니하는 경우 또는 협의를 할 수 없는 경우에는 지식재산처장에게 통상실\n시권 설정에 관한 재정(裁定)(이하 “재정”이라 한다)을 청구할 수 있다. 다만, 공공의 이익을 위하여 비상업적으로 실\n시하려는 경우와 제4호에 해당하는 경우에는 협의 없이도 재정을 청구할 수 있다. <개정 2025. 10. 1.>\n1. 특허발명이 천재지변이나 그 밖의 불가항력 또는 대통령령으로 정하는 정당한 이유 없이 계속하여 3년 이상 국\n내에서 실시되고 있지 아니한 경우\n2. 특허발명이 정당한 이유 없이 계속하여 3년 이상 국내에서 상당한 영업적 규모로 실시되고 있지 아니하거나 적\n당한 정도와 조건으로 국내수요를 충족시키지 못한 경우\n3. 특허발명의 실시가 공공의 이익을 위하여 특히 필요한 경우\n4. 사법적 절차 또는 행정적 절차에 의하여 불공정거래행위로 판정된 사항을 바로잡기 위하여 특허발명을 실시할\n필요가 있는 경우\n5. 자국민 다수의 보건을 위협하는 질병을 치료하기 위하여 의약품(의약품 생산에 필요한 유효성분, 의약품 사용에\n필요한 진단키트를 포함한다)을 수입하려는 국가(이하 이 조에서 “수입국”이라 한다)에 그 의약품을 수출할 수 있\n도록 특허발명을 실시할 필요가 있는 경우']","특허법 제2조(정의) 1에 따르면, **‘발명’이란 자연법칙을 이용한 기술적 사상의 창작으로서 고도(高度)한 것을 말한다**【출처 1】.",특허법상 '발명'이란 자연법칙을 이용한 기술적 사상의 창작으로서 고도(高度)한 것을 말한다.(제2조제1호),0.9999999999,1.0,0.249999999375,1.0,0.24684520571208696,1.0
특허를 받기 위한 특허요건은 무엇인가?,"['제37조(특허를 받을 수 있는 권리의 이전 등) ① 특허를 받을 수 있는 권리는 이전할 수 있다.\n② 특허를 받을 수 있는 권리는 질권의 목적으로 할 수 없다.\n③ 특허를 받을 수 있는 권리가 공유인 경우에는 각 공유자는 다른 공유자 모두의 동의를 받아야만 그 지분을 양도\n할 수 있다.\n[전문개정 2014. 6. 11.]\n \n제38조(특허를 받을 수 있는 권리의 승계) ① 특허출원 전에 이루어진 특허를 받을 수 있는 권리의 승계는 그 승계인이\n특허출원을 하여야 제3자에게 대항할 수 있다.\n② 동일한 자로부터 동일한 특허를 받을 수 있는 권리를 승계한 자가 둘 이상인 경우 그 승계한 권리에 대하여 같은\n날에 둘 이상의 특허출원이 있으면 특허출원인 간에 협의하여 정한 자에게만 승계의 효력이 발생한다.\n③ 동일한 자로부터 동일한 발명 및 고안에 대한 특허를 받을 수 있는 권리 및 실용신안등록을 받을 수 있는 권리를\n승계한 자가 둘 이상인 경우 그 승계한 권리에 대하여 같은 날에 특허출원 및 실용신안등록출원이 있으면 특허출원\n인 및 실용신안등록출원인 간에 협의하여 정한 자에게만 승계의 효력이 발생한다.\n④ 특허출원 후에는 특허를 받을 수 있는 권리의 승계는 상속, 그 밖의 일반승계의 경우를 제외하고는 특허출원인변\n경신고를 하여야만 그 효력이 발생한다.\n⑤ 특허를 받을 수 있는 권리의 상속, 그 밖의 일반승계가 있는 경우에는 승계인은 지체 없이 그 취지를 지식재산처\n장에게 신고하여야 한다.<개정 2025. 10. 1.>', '제133조(특허의 무효심판) ① 이해관계인(제2호 본문의 경우에는 특허를 받을 수 있는 권리를 가진 자만 해당한다) 또\n는 심사관은 특허가 다음 각 호의 어느 하나에 해당하는 경우에는 무효심판을 청구할 수 있다. 이 경우 청구범위의\n청구항이 둘 이상인 경우에는 청구항마다 청구할 수 있다. <개정 2016. 2. 29., 2021. 10. 19.>\n1. 제25조, 제29조, 제32조, 제36조제1항부터 제3항까지, 제42조제3항제1호 또는 같은 조 제4항을 위반한 경우\n2. 제33조제1항 본문에 따른 특허를 받을 수 있는 권리를 가지지 아니하거나 제44조를 위반한 경우. 다만, 제99조의\n2제2항에 따라 이전등록된 경우에는 제외한다.\n3. 제33조제1항 단서에 따라 특허를 받을 수 없는 경우\n4. 특허된 후 그 특허권자가 제25조에 따라 특허권을 누릴 수 없는 자로 되거나 그 특허가 조약을 위반한 경우\n5. 조약을 위반하여 특허를 받을 수 없는 경우\n6. 제47조제2항 전단에 따른 범위를 벗어난 보정인 경우', '제223조(특허표시 및 특허출원표시) ①특허권자, 전용실시권자 또는 통상실시권자는 다음 각 호의 구분에 따른 방법으\n로 특허표시를 할 수 있다. <개정 2016. 2. 29., 2017. 3. 21.>\n1. 물건의 특허발명의 경우: 그 물건에 “특허”라는 문자와 그 특허번호를 표시\n2. 물건을 생산하는 방법의 특허발명의 경우: 그 방법에 따라 생산된 물건에 “방법특허”라는 문자와 그 특허번호를\n표시\n3. 삭제<2017. 3. 21.>\n② 특허출원인은 다음 각 호의 구분에 따른 방법으로 특허출원의 표시(이하 “특허출원표시”라 한다)를 할 수 있다.\n<개정 2017. 3. 21.>\n1. 물건의 특허출원의 경우: 그 물건에 “특허출원(심사중)”이라는 문자와 그 출원번호를 표시\n2. 물건을 생산하는 방법의 특허출원의 경우: 그 방법에 따라 생산된 물건에 “방법특허출원(심사중)”이라는 문자와\n그 출원번호를 표시\n③ 제1항 또는 제2항에 따른 특허표시 또는 특허출원표시를 할 수 없는 물건의 경우에는 그 물건의 용기 또는 포장\n에 특허표시 또는 특허출원표시를 할 수 있다.<신설 2017. 3. 21.>\n④ 그 밖에 특허표시 또는 특허출원표시에 필요한 사항은 총리령으로 정한다.<신설 2017. 3. 21., 2025. 10. 1.>\n[전문개정 2014. 6. 11.]', '1. 특허된 의약품\n2. 특허된 제조방법으로 생산된 의약품\n3. 의약품 생산에 필요한 특허된 유효성분\n4. 의약품 사용에 필요한 특허된 진단키트\n⑨ 재정을 청구하는 자가 제출하여야 하는 서류, 그 밖에 재정에 관하여 필요한 사항은 대통령령으로 정한다.\n[전문개정 2014. 6. 11.]', '제82조(수수료) ① 특허에 관한 절차를 밟는 자는 수수료를 내야 한다.\n② 특허출원인이 아닌 자가 출원심사의 청구를 한 후 그 특허출원서에 첨부한 명세서를 보정하여 청구범위에 적은\n청구항의 수가 증가한 경우에는 그 증가한 청구항에 관하여 내야 할 심사청구료는 특허출원인이 내야 한다.\n③ 제1항에 따른 수수료, 그 납부방법 및 납부기간, 그 밖에 필요한 사항은 총리령으로 정한다.<개정 2025. 10. 1.>\n[전문개정 2014. 6. 11.]']",제공된 문서에서 관련 내용을 찾을 수 없습니다.,"산업상 이용할 수 있는 발명이어야 하며, 특허출원 전에 국내 또는 국외에서 공지되었거나 공연히 실시된 발명, 반포된 간행물에 게재되었거나 전기통신회선을 통하여 공중이 이용할 수 있는 발명은 특허를 받을 수 없다. 또한 그 발명이 속하는 기술분야에서 통상의 지식을 가진 사람이 이러한 발명에 의하여 쉽게 발명할 수 있는 경우에는 특허를 받을 수 없다.(제29조)",0.249999999975,0.3333333333333333,0.2222222219753086,0.0,0.0,0.0
발명을 이미 공개한 경우에도 특허를 받을 수 있는 방법이 있는가?,"['서 또는 도면에 대하여 보정할 수 있다.<개정 2016. 2. 29.>\n⑫ 특허발명의 명세서 또는 도면에 대한 정정을 한다는 심결이 있는 경우 특허심판원장은 그 내용을 지식재산처장\n에게 알려야 한다.<개정 2016. 2. 29., 2025. 10. 1.>\n⑬ 지식재산처장은 제12항에 따른 통보가 있으면 이를 특허공보에 게재하여야 한다.<개정 2016. 2. 29., 2025. 10.\n1.>\n[전문개정 2014. 6. 11.]', '제29조(특허요건) ① 산업상 이용할 수 있는 발명으로서 다음 각 호의 어느 하나에 해당하는 것을 제외하고는 그 발명\n에 대하여 특허를 받을 수 있다.\n1. 특허출원 전에 국내 또는 국외에서 공지(公知)되었거나 공연(公然)히 실시된 발명\n2. 특허출원 전에 국내 또는 국외에서 반포된 간행물에 게재되었거나 전기통신회선을 통하여 공중(公衆)이 이용할\n수 있는 발명', '제136조(정정심판) ① 특허권자는 다음 각 호의 어느 하나에 해당하는 경우에는 특허발명의 명세서 또는 도면에 대하\n여 정정심판을 청구할 수 있다. <개정 2016. 2. 29.>\n1. 청구범위를 감축하는 경우\n2. 잘못 기재된 사항을 정정하는 경우\n3. 분명하지 아니하게 기재된 사항을 명확하게 하는 경우', '제36조(선출원) ① 동일한 발명에 대하여 다른 날에 둘 이상의 특허출원이 있는 경우에는 먼저 특허출원한 자만이 그\n발명에 대하여 특허를 받을 수 있다.', '제43조(요약서) 제42조제2항에 따른 요약서는 기술정보로서의 용도로 사용하여야 하며, 특허발명의 보호범위를 정하는\n데에는 사용할 수 없다.']","특허법 제29조(특허요건)에서는 “특허출원 전에 국내 또는 국외에서 공지(公知)되었거나 공연(公然)히 실시된 발명” 및 “특허출원 전에 국내 또는 국외에서 반포된 간행물에 게재되었거나 전기통신회선을 통하여 공중이 이용할 수 있는 발명”은 특허를 받을 수 없는 사유로 명시하고 있습니다【출처 2】. 따라서 발명이 이미 공개된 경우에는 그 공개가 특허출원 이전에 이루어졌다면, 해당 발명에 대해 특허를 받을 방법은 제공된 문서 내에서는 존재하지 않습니다. 

**결론**: 제공된 문서에 따르면, 발명이 출원 전에 공개된 경우에는 특허를 받을 수 없습니다. (제29조)","특허를 받을 수 있는 권리를 가진 자의 발명이 공지 등에 해당하게 된 경우, 그 날부터 12개월 이내에 특허출원을 하면 제29조제1항ㆍ제2항을 적용할 때 그 발명은 공지되지 아니한 것으로 본다. 이를 적용받으려는 자는 그 취지를 특허출원서에 적어 출원하고, 이를 증명할 수 있는 서류를 특허출원일부터 30일 이내에 지식재산처장에게 제출하여야 한다.(제30조)",0.5333333333155555,0.6666666666666666,0.16666666638888888,1.0,0.4405900045424514,0.0
동일한 발명에 대해 서로 다른 날에 둘 이상의 특허출원이 있는 경우 누가 특허를 받는가?,"['② 동일한 발명에 대하여 같은 날에 둘 이상의 특허출원이 있는 경우에는 특허출원인 간에 협의하여 정한 하나의\n특허출원인만이 그 발명에 대하여 특허를 받을 수 있다. 다만, 협의가 성립하지 아니하거나 협의를 할 수 없는 경우\n에는 어느 특허출원인도 그 발명에 대하여 특허를 받을 수 없다.', '제36조(선출원) ① 동일한 발명에 대하여 다른 날에 둘 이상의 특허출원이 있는 경우에는 먼저 특허출원한 자만이 그\n발명에 대하여 특허를 받을 수 있다.', '③ 특허출원한 발명이 다음 각 호의 요건을 모두 갖춘 다른 특허출원의 출원서에 최초로 첨부된 명세서 또는 도면\n에 기재된 발명과 동일한 경우에 그 발명은 제1항에도 불구하고 특허를 받을 수 없다. 다만, 그 특허출원의 발명자\n와 다른 특허출원의 발명자가 같거나 그 특허출원을 출원한 때의 출원인과 다른 특허출원의 출원인이 같은 경우에\n는 그러하지 아니하다.\n1. 그 특허출원일 전에 출원된 특허출원일 것\n2. 그 특허출원 후 제64조에 따라 출원공개되거나 제87조제3항에 따라 등록공고된 특허출원일 것', '제30조(공지 등이 되지 아니한 발명으로 보는 경우) ① 특허를 받을 수 있는 권리를 가진 자의 발명이 다음 각 호의 어\n느 하나에 해당하게 된 경우 그 날부터 12개월 이내에 특허출원을 하면 그 특허출원된 발명에 대하여 제29조제1항\n또는 제2항을 적용할 때에는 그 발명은 같은 조 제1항 각 호의 어느 하나에 해당하지 아니한 것으로 본다.\n1. 특허를 받을 수 있는 권리를 가진 자에 의하여 그 발명이 제29조제1항 각 호의 어느 하나에 해당하게 된 경우. 다\n만, 조약 또는 법률에 따라 국내 또는 국외에서 출원공개되거나 등록공고된 경우는 제외한다.\n2. 특허를 받을 수 있는 권리를 가진 자의 의사에 반하여 그 발명이 제29조제1항 각 호의 어느 하나에 해당하게 된\n경우', '③ 특허출원된 발명과 실용신안등록출원된 고안이 동일한 경우 그 특허출원과 실용신안등록출원이 다른 날에 출원\n된 것이면 제1항을 준용하고, 그 특허출원과 실용신안등록출원이 같은 날에 출원된 것이면 제2항을 준용한다.\n④ 특허출원 또는 실용신안등록출원이 다음 각 호의 어느 하나에 해당하는 경우 그 특허출원 또는 실용신안등록출\n원은 제1항부터 제3항까지의 규정을 적용할 때에는 처음부터 없었던 것으로 본다. 다만, 제2항 단서(제3항에 따라\n준용되는 경우를 포함한다)에 해당하여 그 특허출원 또는 실용신안등록출원에 대하여 거절결정이나 거절한다는 취\n지의 심결이 확정된 경우에는 그러하지 아니하다.\n1. 포기, 무효 또는 취하된 경우\n2. 거절결정이나 거절한다는 취지의 심결이 확정된 경우\n⑤ 발명자 또는 고안자가 아닌 자로서 특허를 받을 수 있는 권리 또는 실용신안등록을 받을 수 있는 권리의 승계인\n이 아닌 자가 한 특허출원 또는 실용신안등록출원은 제1항부터 제3항까지의 규정을 적용할 때에는 처음부터 없었\n던 것으로 본다.\n⑥ 지식재산처장은 제2항의 경우에 특허출원인에게 기간을 정하여 협의의 결과를 신고할 것을 명하고, 그 기간에\n신고가 없으면 제2항에 따른 협의는 성립되지 아니한 것으로 본다.<개정 2025. 10. 1.>\n[전문개정 2014. 6. 11.]']","동일한 발명에 대해 서로 다른 날에 둘 이상의 특허출원이 있는 경우에는 **먼저 출원한 자만** 그 발명에 대해 특허를 받을 수 있습니다.  

- 근거: 제36조(선출원) ① “동일한 발명에 대하여 다른 날에 둘 이상의 특허출원이 있는 경우에는 먼저 특허출원한 자만이 그 발명에 대하여 특허를 받을 수 있다.”【출처 2】.",동일한 발명에 대하여 다른 날에 둘 이상의 특허출원이 있는 경우에는 먼저 특허출원한 자만이 그 발명에 대하여 특허를 받을 수 있다(선출원주의). 같은 날에 둘 이상의 특허출원이 있는 경우에는 특허출원인 간에 협의하여 정한 하나의 특허출원인만이 특허를 받을 수 있다.(제36조),0.99999999998,1.0,0.6666666644444444,1.0,0.38457562295292275,0.8
"출원심사의 청구는 언제까지 할 수 있으며, 청구하지 않으면 어떻게 되는가?","['[제목개정 2016. 12. 2.]\n \n제59조(특허출원심사의 청구) ① 특허출원에 대하여 심사청구가 있을 때에만 이를 심사한다.\n② 누구든지 특허출원에 대하여 특허출원일부터 3년 이내에 지식재산처장에게 출원심사의 청구를 할 수 있다. 다만\n, 특허출원인은 다음 각 호의 어느 하나에 해당하는 경우에는 출원심사의 청구를 할 수 없다.<개정 2016. 2. 29.,\n2025. 10. 1.>\n1. 명세서에 청구범위를 적지 아니한 경우\n2. 제42조의3제2항에 따른 국어번역문을 제출하지 아니한 경우(외국어특허출원의 경우로 한정한다)\n③ 제34조 및 제35조에 따른 정당한 권리자의 특허출원, 분할출원, 분리출원 또는 변경출원에 관하여는 제2항에 따\n른 기간이 지난 후에도 정당한 권리자가 특허출원을 한 날, 분할출원을 한 날, 분리출원을 한 날 또는 변경출원을 한\n날부터 각각 30일 이내에 출원심사의 청구를 할 수 있다.<개정 2021. 10. 19.>\n④ 출원심사의 청구는 취하할 수 없다.\n⑤ 제2항 또는 제3항에 따라 출원심사의 청구를 할 수 있는 기간에 출원심사의 청구가 없으면 그 특허출원은 취하\n한 것으로 본다.\n[전문개정 2014. 6. 11.]', '제67조의2(재심사의 청구) ① 특허출원인은 그 특허출원에 관하여 특허결정의 등본을 송달받은 날부터 제79조에 따른\n설정등록을 받기 전까지의 기간 또는 특허거절결정등본을 송달받은 날부터 3개월(제15조제1항에 따라 제132조의\n17에 따른 기간이 연장된 경우 그 연장된 기간을 말한다) 이내에 그 특허출원의 명세서 또는 도면을 보정하여 해당\n특허출원에 관한 재심사(이하 “재심사”라 한다)를 청구할 수 있다. 다만, 다음 각 호의 어느 하나에 해당하는 경우에\n는 그러하지 아니하다. <개정 2016. 2. 29., 2021. 10. 19.>\n1. 재심사를 청구할 때에 이미 재심사에 따른 특허여부의 결정이 있는 경우\n2. 제132조의17에 따른 심판청구가 있는 경우(제176조제1항에 따라 특허거절결정이 취소된 경우는 제외한다)\n3. 그 특허출원이 분리출원인 경우\n② 특허출원인은 제1항에 따른 재심사의 청구와 함께 의견서를 제출할 수 있다.\n③ 제1항에 따라 재심사가 청구된 경우 그 특허출원에 대하여 종전에 이루어진 특허결정 또는 특허거절결정은 취소\n된 것으로 본다. 다만, 재심사의 청구절차가 제16조제1항에 따라 무효로 된 경우에는 그러하지 아니하다.<개정\n2021. 10. 19.>\n④ 제1항에 따른 재심사의 청구는 취하할 수 없다.\n[전문개정 2014. 6. 11.]', '제60조(출원심사의 청구절차) ① 출원심사의 청구를 하려는 자는 다음 각 호의 사항을 적은 출원심사청구서를 지식재\n산처장에게 제출하여야 한다. <개정 2025. 10. 1.>\n1. 청구인의 성명 및 주소(법인인 경우에는 그 명칭 및 영업소의 소재지)\n2. 출원심사의 청구대상이 되는 특허출원의 표시\n② 지식재산처장은 출원공개 전에 출원심사의 청구가 있으면 출원공개 시에, 출원공개 후에 출원심사의 청구가 있\n으면 지체 없이 그 취지를 특허공보에 게재하여야 한다.<개정 2025. 10. 1.>\n③ 지식재산처장은 특허출원인이 아닌 자로부터 출원심사의 청구가 있으면 그 취지를 특허출원인에게 알려야 한다.\n<개정 2025. 10. 1.>\n[전문개정 2014. 6. 11.]\n \n제61조(우선심사) 지식재산처장은 다음 각 호의 어느 하나에 해당하는 특허출원에 대해서는 심사관에게 다른 특허출원\n에 우선하여 심사하게 할 수 있다. <개정 2020. 12. 22., 2025. 10. 1.>\n1. 제64조에 따른 출원공개 후 특허출원인이 아닌 자가 업(業)으로서 특허출원된 발명을 실시하고 있다고 인정되는\n경우\n2. 대통령령으로 정하는 특허출원으로서 긴급하게 처리할 필요가 있다고 인정되는 경우\n3. 대통령령으로 정하는 특허출원으로서 재난의 예방ㆍ대응ㆍ복구 등에 필요하다고 인정되는 경우\n[전문개정 2014. 6. 11.]', '제82조(수수료) ① 특허에 관한 절차를 밟는 자는 수수료를 내야 한다.\n② 특허출원인이 아닌 자가 출원심사의 청구를 한 후 그 특허출원서에 첨부한 명세서를 보정하여 청구범위에 적은\n청구항의 수가 증가한 경우에는 그 증가한 청구항에 관하여 내야 할 심사청구료는 특허출원인이 내야 한다.\n③ 제1항에 따른 수수료, 그 납부방법 및 납부기간, 그 밖에 필요한 사항은 총리령으로 정한다.<개정 2025. 10. 1.>\n[전문개정 2014. 6. 11.]', '보정명령을 받은 자가 지정된 기간에 그 심사청구료를 내지 아니하면 특허출원서에 첨부한 명세서에 관한 보정을\n무효로 할 수 있다. <개정 2025. 10. 1.>\n② 지식재산처장 또는 특허심판원장은 제1항에 따라 특허에 관한 절차가 무효로 된 경우로서 지정된 기간을 지키지\n못한 것이 정당한 사유에 의한 것으로 인정될 때에는 그 사유가 소멸한 날부터 2개월 이내에 보정명령을 받은 자의\n청구에 따라 그 무효처분을 취소할 수 있다. 다만, 지정된 기간의 만료일부터 1년이 지났을 때에는 그러하지 아니하\n다.<개정 2021. 10. 19., 2025. 10. 1.>\n③ 지식재산처장 또는 특허심판원장은 제1항 본문ㆍ단서에 따른 무효처분 또는 제2항 본문에 따른 무효처분의 취\n소처분을 할 때에는 그 보정명령을 받은 자에게 처분통지서를 송달하여야 한다.<개정 2025. 10. 1.>\n[전문개정 2014. 6. 11.]\n \n제17조(절차의 추후보완) 특허에 관한 절차를 밟은 자가 책임질 수 없는 사유로 다음 각 호의 어느 하나에 해당하는 기\n간을 지키지 못한 경우에는 그 사유가 소멸한 날부터 2개월 이내에 지키지 못한 절차를 추후 보완할 수 있다. 다만,\n그 기간의 만료일부터 1년이 지났을 때에는 그러하지 아니하다. <개정 2016. 2. 29.>\n1. 제132조의17에 따른 심판의 청구기간\n2. 제180조제1항에 따른 재심의 청구기간\n[전문개정 2014. 6. 11.]']","출원심사의 청구는 **특허출원일(출원일)부터 3년 이내**에 지식재산처장에게 할 수 있습니다【출처 1, 제59조(특허출원심사의 청구)②】.  

다만, 정당한 권리자가 **정당한 권리자의 특허출원·분할출·분리출·변경출원**인 경우에는 3년 기간이 지나도 **출원일(또는 분할·분리·변경출원일)부터 30일 이내**에 청구할 수 있습니다【출처 1, 제59조(특허출원심사의 청구)③】.  

청구 기간 내에 출원심사의 청구를 하지 않으면 **그 특허출원은 취하한 것으로 본다**【출처 1, 제59조(특허출원심사의 청구)⑤】.",누구든지 특허출원에 대하여 특허출원일부터 3년 이내에 지식재산처장에게 출원심사의 청구를 할 수 있다. 그 기간에 출원심사의 청구가 없으면 그 특허출원은 취하한 것으로 본다.(제59조),0.99999999998,0.6666666666666666,0.49999999875,1.0,0.10702773241557174,0.8
특허출원은 언제 공개되는가?,"['제64조(출원공개) ① 지식재산처장은 다음 각 호의 구분에 따른 날부터 1년 6개월이 지난 후 또는 그 전이라도 특허출\n원인이 신청한 경우에는 총리령으로 정하는 바에 따라 그 특허출원에 관하여 특허공보에 게재하여 출원공개를 하여\n야 한다. <개정 2025. 10. 1.>\n1. 제54조제1항에 따른 우선권 주장을 수반하는 특허출원의 경우: 그 우선권 주장의 기초가 된 출원일\n2. 제55조제1항에 따른 우선권 주장을 수반하는 특허출원의 경우: 선출원의 출원일\n3. 제54조제1항 또는 제55조제1항에 따른 둘 이상의 우선권 주장을 수반하는 특허출원의 경우: 해당 우선권 주장의\n기초가 된 출원일 중 최우선일\n4. 제1호부터 제3호까지의 어느 하나에 해당하지 아니하는 특허출원의 경우: 그 특허출원일', '“출원공개되거나”는 “출원공개 또는 「특허협력조약」 제21조에 따라 국제공개되거나”로 본다. 다만, 그 국제특허출\n원이 제201조제4항에 따라 취하한 것으로 보는 경우에는 제55조제4항을 적용하지 아니한다.', '[전문개정 2014. 6. 11.]\n \n제206조(재외자의 특허관리인의 특례) ① 재외자인 국제특허출원의 출원인은 기준일까지는 제5조제1항에도 불구하고\n특허관리인에 의하지 아니하고 특허에 관한 절차를 밟을 수 있다.\n② 제201조제1항에 따라 국어번역문을 제출한 재외자는 총리령으로 정하는 기간에 특허관리인을 선임하여 지식재\n산처장에게 신고하여야 한다.<개정 2025. 10. 1.>\n③ 제2항에 따른 선임신고가 없으면 그 국제특허출원은 취하된 것으로 본다.\n[전문개정 2014. 6. 11.]\n \n제207조(출원공개시기 및 효과의 특례) ① 국제특허출원의 출원공개에 관하여 제64조제1항을 적용하는 경우에는 “다\n음 각 호의 구분에 따른 날부터 1년 6개월이 지난 후”는 “국내서면제출기간(제201조제1항 각 호 외의 부분 단서에\n따라 국어번역문의 제출기간을 연장해 달라는 취지를 적은 서면이 제출된 경우에는 연장된 국어번역문 제출 기간을\n말한다. 이하 이 항에서 같다)이 지난 후(국내서면제출기간에 출원인이 출원심사의 청구를 한 국제특허출원으로서 「\n특허협력조약」 제21조에 따라 국제공개된 경우에는 우선일부터 1년 6개월이 되는 날 또는 출원심사의 청구일 중 늦\n은 날이 지난 후)”로 본다.\n② 제1항에도 불구하고 국어로 출원한 국제특허출원에 관하여 제1항에 따른 출원공개 전에 이미 「특허협력조약」', '제55조(특허출원 등을 기초로 한 우선권 주장) ① 특허를 받으려는 자는 자신이 특허나 실용신안등록을 받을 수 있는\n권리를 가진 특허출원 또는 실용신안등록출원으로 먼저 한 출원(이하 “선출원”이라 한다)의 출원서에 최초로 첨부된\n명세서 또는 도면에 기재된 발명을 기초로 그 특허출원한 발명에 관하여 우선권을 주장할 수 있다. 다만, 다음 각 호\n의 어느 하나에 해당하는 경우에는 그러하지 아니하다. <개정 2021. 10. 19.>\n1. 그 특허출원이 선출원의 출원일부터 1년이 지난 후에 출원된 경우\n2. 선출원이 제52조제2항(「실용신안법」 제11조에 따라 준용되는 경우를 포함한다)에 따른 분할출원 또는 제52조의\n2제2항(「실용신안법」 제11조에 따라 준용되는 경우를 포함한다)에 따른 분리출원이거나 제53조제2항 또는 「실\n용신안법」 제10조제2항에 따른 변경출원인 경우\n3. 그 특허출원을 할 때에 선출원이 포기ㆍ무효 또는 취하된 경우\n4. 그 특허출원을 할 때에 선출원이 설정등록되었거나 특허거절결정, 실용신안등록거절결정 또는 거절한다는 취지\n의 심결이 확정된 경우', '② 제1항에도 불구하고 다음 각 호의 어느 하나에 해당하는 경우에는 출원공개를 하지 아니한다.\n1. 명세서에 청구범위를 적지 아니한 경우\n2. 제42조의3제2항에 따른 국어번역문을 제출하지 아니한 경우(외국어특허출원의 경우로 한정한다)\n3. 제87조제3항에 따라 등록공고를 한 특허의 경우\n③ 제41조제1항에 따라 비밀취급된 특허출원의 발명에 대해서는 그 발명의 비밀취급이 해제될 때까지 그 특허출원\n의 출원공개를 보류하여야 하며, 그 발명의 비밀취급이 해제된 경우에는 지체 없이 제1항에 따라 출원공개를 하여\n야 한다. 다만, 그 특허출원이 설정등록된 경우에는 출원공개를 하지 아니한다.\n④ 제1항의 출원공개에 관하여 출원인의 성명ㆍ주소 및 출원번호 등 특허공보에 게재할 사항은 대통령령으로 정한\n다.\n[전문개정 2014. 6. 11.]']","특허출원은 **출원일(또는 우선권 주장의 기초가 된 출원일)로부터 1년 6개월이 경과한 뒤** 특허공보에 게재되어 공개됩니다.  

- **제64조(출원공개) 제1항**에 따라  
  1) 우선권 주장을 수반하는 경우에는 그 우선권 주장의 기초가 된 출원일(또는 선출원의 출원일, 최우선일)부터,  
  2) 우선권 주장이 없는 경우에는 특허출원일부터 1년 6개월이 지난 후에 공개하도록 규정하고 있습니다【출처 1】.  

- **제207조(출원공개시기 및 효과의 특례)**에서는 국제특허출원에 대해 “국내서면제출기간(국어번역문 제출 연장 기간) + 1년 6개월” 또는 국제공개일로부터 1년 6개월이 경과한 날(또는 출원심사의 청구일 중 늦은 날) 이후에 공개하도록 별도의 규정을 두고 있습니다【출처 3】.  

- 다만, **제72조 제2항**에 해당하는 경우(예: 명세서에 청구범위가 없거나, 외국어출원의 경우 국어번역문을 제출하지 않은 경우 등)에는 출원공개가 이루어지지 않습니다【출처 5】.  

따라서 일반적인 경우에는 출원일(또는 우선권 기초일)로부터 1년 6개월이 지난 시점에 특허공보에 게재되어 공개됩니다.  ","지식재산처장은 특허출원일(우선권 주장을 수반하는 경우에는 그 기초가 된 출원일 등)부터 1년 6개월이 지난 후, 또는 그 전이라도 특허출원인이 신청한 경우에는 특허공보에 게재하여 출원공개를 하여야 한다.(제64조)",0.99999999998,1.0,0.33333333277777777,0.8333333333333334,0.19730533269942144,0.55
특허권의 존속기간은 얼마인가?,"['제88조(특허권의 존속기간) ① 특허권의 존속기간은 제87조제1항에 따라 특허권을 설정등록한 날부터 특허출원일 후\n20년이 되는 날까지로 한다.\n② 정당한 권리자의 특허출원이 제34조 또는 제35조에 따라 특허된 경우에는 제1항의 특허권의 존속기간은 무권리\n자의 특허출원일의 다음 날부터 기산한다.\n[전문개정 2014. 6. 11.]\n \n제89조(허가등에 따른 특허권의 존속기간의 연장) ① 특허발명을 실시하기 위하여 다른 법령에 따라 허가를 받거나 등\n록 등을 하여야 하고, 그 허가 또는 등록 등(이하 “허가등”이라 한다)을 위하여 필요한 유효성ㆍ안전성 등의 시험으로\n인하여 장기간이 소요되는 대통령령으로 정하는 발명인 경우에는 제88조제1항에도 불구하고 그 실시할 수 없었던\n기간에 대하여 5년의 기간까지 그 특허권의 존속기간(제92조의5제2항에 따라 특허권의 존속기간의 연장이 등록된\n경우에는 그 연장된 날까지를 말한다 )을 한 차례만 연장할 수 있다. 다만, 허가등을 받은 날부터 14년을 초과하여 연\n장할 수 없다. <개정 2025. 1. 21.>\n② 제1항을 적용할 때 허가등을 받은 자에게 책임있는 사유로 소요된 기간은 제1항의 “실시할 수 없었던 기간”에 포\n함되지 아니한다.\n[전문개정 2014. 6. 11.]', '제93조(준용규정) 특허권의 존속기간의 연장등록출원의 심사에 관하여는 제57조제1항, 제63조, 제67조, 제78조제1항ㆍ\n제3항, 제148조제1호부터 제5호까지 및 같은 조 제7호를 준용한다. 이 경우 제78조제1항 중 “특허취소신청에 대한\n결정”은 “제92조의4 및 제92조의5에 따른 연장등록거절결정 또는 연장등록결정”으로, “그 심사절차”는 “허가등에 따\n른 연장등록출원 심사 절차”로 본다. <개정 2025. 1. 21.>', '② 제1항에 따른 특허권의 존속기간의 연장등록출원은 제89조제1항에 따른 허가등을 받은 날부터 3개월 이내에 출\n원하여야 한다. 다만, 제88조에 따른 특허권의 존속기간의 만료 전 6개월 이후에는 그 특허권의 존속기간의 연장등\n록출원을 할 수 없다.', '제134조(특허권 존속기간의 연장등록의 무효심판) ① 이해관계인 또는 심사관은 제92조에 따른 특허권의 존속기간의\n연장등록이 다음 각 호의 어느 하나에 해당하는 경우에는 무효심판을 청구할 수 있다. <개정 2025. 1. 21.>\n1. 특허발명을 실시하기 위하여 제89조에 따른 허가등을 받을 필요가 없는 출원에 대하여 연장등록이 된 경우\n2. 특허권자 또는 그 특허권의 전용실시권 또는 등록된 통상실시권을 가진 자가 제89조에 따른 허가등을 받지 아니\n한 출원에 대하여 연장등록이 된 경우\n3. 연장등록에 따라 연장된 기간이 제89조에 따라 인정되는 연장의 기간을 초과하는 경우\n4. 해당 특허권자가 아닌 자의 출원에 대하여 연장등록이 된 경우\n5. 제90조제3항을 위반한 출원에 대하여 연장등록이 된 경우\n6. 제90조제7항을 위반하여 하나의 허가등에 대하여 둘 이상의 특허권의 존속기간이 연장등록된 경우\n② 이해관계인 또는 심사관은 제92조의5에 따른 특허권의 존속기간의 연장등록이 다음 각 호의 어느 하나에 해당\n하면 무효심판을 청구할 수 있다.\n1. 연장등록에 따라 연장된 기간이 제92조의2에 따라 인정되는 연장의 기간을 초과한 경우\n2. 해당 특허권자가 아닌 자의 출원에 대하여 연장등록이 된 경우', '③ 특허권이 공유인 경우에는 공유자 모두가 공동으로 특허권의 존속기간의 연장등록출원을 하여야 한다.\n④ 제1항에 따른 특허권의 존속기간의 연장등록출원이 있으면 그 존속기간은 연장된 것으로 본다. 다만, 그 출원에\n관하여 제91조의 연장등록거절결정이 확정된 경우에는 그러하지 아니하다.\n⑤ 지식재산처장은 제1항에 따른 특허권의 존속기간의 연장등록출원이 있으면 제1항 각 호의 사항을 특허공보에\n게재하여야 한다.<개정 2025. 10. 1.>\n⑥ 연장등록출원인은 지식재산처장이 연장등록여부결정등본을 송달하기 전까지 연장등록출원서에 적혀 있는 사항\n중 제1항제3호부터 제6호까지의 사항(제3호 중 연장대상특허권의 특허번호는 제외한다)에 대하여 보정할 수 있다.\n다만, 제93조에 따라 준용되는 거절이유통지를 받은 후에는 해당 거절이유통지에 따른 의견서 제출기간에만 보정\n할 수 있다.<개정 2025. 10. 1.>\n⑦ 하나의 허가등에 대하여 둘 이상의 특허권이 있는 경우에는 연장등록출원인은 그 중 하나의 특허권에 대해서만\n존속기간의 연장등록출원을 하여야 하고, 하나의 허가등에 대하여 둘 이상의 특허권에 대한 존속기간의 연장등록출\n원이 있는 경우에는 어느 특허권의 존속기간도 연장할 수 없다.<신설 2025. 1. 21.>\n⑧ 특허권의 존속기간의 연장등록출원이 다음 각 호의 어느 하나에 해당하는 경우 그 출원은 제7항을 적용할 때는\n처음부터 없었던 것으로 본다.<신설 2025. 1. 21.>\n1. 포기, 무효 또는 취하된 경우']","특허권의 기본 존속기간은 **특허출원일로부터 20년**이 되는 날까지입니다.  
(근거: 제88조 ① “특허권의 존속기간은 … 특허출원일 후 20년이 되는 날까지로 한다.”)  

※ 다만, 제34조·제35조에 따라 정당한 권리자의 특허출원이 특허된 경우에는 무권리자의 특허출원일 다음 날부터 기간을 계산한다(제88조 ②).",특허권의 존속기간은 특허권을 설정등록한 날부터 특허출원일 후 20년이 되는 날까지로 한다.(제88조제1항),0.8333333332916666,1.0,0.5999999988,1.0,0.4336059032831634,0.57
특허발명의 보호범위는 무엇에 의하여 정해지는가?,"['제136조(정정심판) ① 특허권자는 다음 각 호의 어느 하나에 해당하는 경우에는 특허발명의 명세서 또는 도면에 대하\n여 정정심판을 청구할 수 있다. <개정 2016. 2. 29.>\n1. 청구범위를 감축하는 경우\n2. 잘못 기재된 사항을 정정하는 경우\n3. 분명하지 아니하게 기재된 사항을 명확하게 하는 경우', '제96조(특허권의 효력이 미치지 아니하는 범위) ① 특허권의 효력은 다음 각 호의 어느 하나에 해당하는 사항에는 미치\n지 아니한다.\n1. 연구 또는 시험(「약사법」에 따른 의약품의 품목허가ㆍ품목신고 및 「농약관리법」에 따른 농약의 등록을 위한 연\n구 또는 시험을 포함한다)을 하기 위한 특허발명의 실시\n2. 국내를 통과하는데 불과한 선박ㆍ항공기ㆍ차량 또는 이에 사용되는 기계ㆍ기구ㆍ장치, 그 밖의 물건\n3. 특허출원을 한 때부터 국내에 있는 물건\n② 둘 이상의 의약[사람의 질병의 진단ㆍ경감ㆍ치료ㆍ처치(處置) 또는 예방을 위하여 사용되는 물건을 말한다. 이하\n같다]이 혼합되어 제조되는 의약의 발명 또는 둘 이상의 의약을 혼합하여 의약을 제조하는 방법의 발명에 관한 특\n허권의 효력은 「약사법」에 따른 조제행위와 그 조제에 의한 의약에는 미치지 아니한다.\n[전문개정 2014. 6. 11.]\n \n제97조(특허발명의 보호범위) 특허발명의 보호범위는 청구범위에 적혀 있는 사항에 의하여 정하여진다.\n[전문개정 2014. 6. 11.]\n \n제98조(타인의 특허발명 등과의 관계) 특허권자ㆍ전용실시권자 또는 통상실시권자는 특허발명이 그 특허발명의 특허\n출원일 전에 출원된 타인의 특허발명ㆍ등록실용신안 또는 등록디자인이나 그 디자인과 유사한 디자인을 이용하거나\n특허권이 그 특허발명의 특허출원일 전에 출원된 타인의 디자인권 또는 상표권과 저촉되는 경우에는 그 특허권자ㆍ\n실용신안권자ㆍ디자인권자 또는 상표권자의 허락을 받지 아니하고는 자기의 특허발명을 업으로서 실시할 수 없다.\n[전문개정 2014. 6. 11.]', '제43조(요약서) 제42조제2항에 따른 요약서는 기술정보로서의 용도로 사용하여야 하며, 특허발명의 보호범위를 정하는\n데에는 사용할 수 없다.', '③ 제135조제1항ㆍ제2항에 따른 권리범위 확인심판을 청구할 때에는 특허발명과 대비할 수 있는 설명서 및 필요한\n도면을 첨부하여야 한다.<개정 2016. 2. 29.>\n④ 제138조제1항에 따른 통상실시권 허락의 심판의 심판청구서에는 제1항 각 호의 사항 외에 다음 사항을 추가로\n적어야 한다.\n1. 실시하려는 자기의 특허의 번호 및 명칭\n2. 실시되어야 할 타인의 특허발명ㆍ등록실용신안 또는 등록디자인의 번호ㆍ명칭 및 특허나 등록 연월일\n3. 특허발명ㆍ등록실용신안 또는 등록디자인의 통상실시권의 범위ㆍ기간 및 대가\n⑤ 제136조제1항에 따른 정정심판을 청구할 때에는 심판청구서에 정정한 명세서 또는 도면을 첨부하여야 한다.\n[전문개정 2014. 6. 11.]\n \n제140조의2(특허거절결정에 대한 심판청구방식) ① 제132조의17에 따라 특허거절결정에 대한 심판을 청구하려는 자는', '3. 제92조의3제3항을 위반한 출원에 대하여 연장등록이 된 경우\n③ 제1항 및 제2항에 따른 심판의 청구에 관하여는 제133조제2항 및 제4항을 준용한다.\n④ 연장등록을 무효로 한다는 심결이 확정된 경우에는 그 연장등록에 따른 존속기간의 연장은 처음부터 없었던 것\n으로 본다. 다만, 연장등록이 다음 각 호의 어느 하나에 해당하는 경우에는 해당 기간에 대해서만 연장이 없었던 것\n으로 본다.<개정 2025. 1. 21.>\n1. 연장등록이 제1항제3호에 해당하여 무효로 된 경우: 제89조에 따라 인정되는 연장의 기간을 초과하여 연장된 기\n간\n2. 연장등록이 제2항제1호에 해당하여 무효로 된 경우: 제92조의2에 따라 인정되는 연장의 기간을 초과하여 연장된\n기간\n⑤ 연장등록이 제1항제6호에 해당하여 무효로 한다는 심결이 확정된 경우에는 그 특허권의 존속기간의 연장등록출\n원은 처음부터 없었던 것으로 본다.<신설 2025. 1. 21.>\n[전문개정 2014. 6. 11.]\n \n제135조(권리범위 확인심판) ① 특허권자 또는 전용실시권자는 자신의 특허발명의 보호범위를 확인하기 위하여 특허\n권의 권리범위 확인심판을 청구할 수 있다. <개정 2016. 2. 29.>\n② 이해관계인은 타인의 특허발명의 보호범위를 확인하기 위하여 특허권의 권리범위 확인심판을 청구할 수 있다.\n<신설 2016. 2. 29.>\n③ 제1항 또는 제2항에 따른 특허권의 권리범위 확인심판을 청구하는 경우에 청구범위의 청구항이 둘 이상인 경우\n에는 청구항마다 청구할 수 있다.<개정 2016. 2. 29.>\n[전문개정 2014. 6. 11.]']",특허발명의 보호범위는 **청구범위에 적혀 있는 사항에 의하여 정해집니다**【출처 2: 제97조(특허발명의 보호범위)】.,특허발명의 보호범위는 청구범위에 적혀 있는 사항에 의하여 정하여진다.(제97조),0.6791666666496875,1.0,0.9999999966666667,1.0,0.35429321902928274,1.0
특허권을 침해한 자에 대한 형사처벌과 공소제기의 특칙은 무엇인가?,"['④ 제1항에 따라 손해배상을 청구하는 경우 특허권 또는 전용실시권을 침해한 자가 그 침해행위로 인하여 얻은 이\n익액을 특허권자 또는 전용실시권자가 입은 손해액으로 추정한다.<개정 2016. 3. 29.>', '제127조(침해로 보는 행위) 다음 각 호의 구분에 따른 행위를 업으로서 하는 경우에는 특허권 또는 전용실시권을 침해\n한 것으로 본다. <개정 2025. 1. 21.>\n1. 특허가 물건의 발명인 경우: 그 물건의 생산에만 사용하는 물건을 생산ㆍ양도ㆍ대여ㆍ수출 또는 수입하거나 그\n물건의 양도 또는 대여의 청약을 하는 행위\n2. 특허가 방법의 발명인 경우: 그 방법의 실시에만 사용하는 물건을 생산ㆍ양도ㆍ대여ㆍ수출 또는 수입하거나 그\n물건의 양도 또는 대여의 청약을 하는 행위\n[전문개정 2014. 6. 11.]\n \n제128조(손해배상청구권 등) ① 특허권자 또는 전용실시권자는 고의 또는 과실로 자기의 특허권 또는 전용실시권을 침\n해한 자에 대하여 침해로 인하여 입은 손해의 배상을 청구할 수 있다. <신설 2016. 3. 29.>\n② 제1항에 따라 손해배상을 청구하는 경우 그 권리를 침해한 자가 그 침해행위를 하게 한 물건을 양도하였을 때에\n는 다음 각 호에 해당하는 금액의 합계액을 특허권자 또는 전용실시권자가 입은 손해액으로 할 수 있다.<개정\n2020. 6. 9.>', '[전문개정 2014. 6. 11.]\n \n제130조(과실의 추정) 타인의 특허권 또는 전용실시권을 침해한 자는 그 침해행위에 대하여 과실이 있는 것으로 추정\n한다.\n[전문개정 2014. 6. 11.]\n \n제131조(특허권자 등의 신용회복) 법원은 고의나 과실로 특허권 또는 전용실시권을 침해함으로써 특허권자 또는 전용\n실시권자의 업무상 신용을 떨어뜨린 자에 대해서는 특허권자 또는 전용실시권자의 청구에 의하여 손해배상을 갈음\n하여 또는 손해배상과 함께 특허권자 또는 전용실시권자의 업무상 신용회복을 위하여 필요한 조치를 명할 수 있다.\n[전문개정 2014. 6. 11.]', '제125조(특허실시보고) 지식재산처장은 특허권자ㆍ전용실시권자 또는 통상실시권자에게 특허발명의 실시 여부 및 그\n규모 등에 관하여 보고하게 할 수 있다. <개정 2025. 10. 1.>\n[전문개정 2014. 6. 11.]\n \n제125조의2(대가 및 보상금액에 대한 집행권원) 이 법에 따라 지식재산처장이 정한 대가와 보상금액에 관하여 확정된\n결정은 집행력 있는 집행권원(執行權原)과 같은 효력을 가진다. 이 경우 집행력 있는 정본은 지식재산처 소속 공무원\n이 부여한다. <개정 2025. 10. 1.>\n[전문개정 2014. 6. 11.]\n \n 제6장 특허권자의 보호 <개정 2014. 6. 11.>\n \n제126조(권리침해에 대한 금지청구권 등) ① 특허권자 또는 전용실시권자는 자기의 권리를 침해한 자 또는 침해할 우\n려가 있는 자에 대하여 그 침해의 금지 또는 예방을 청구할 수 있다.\n② 특허권자 또는 전용실시권자가 제1항에 따른 청구를 할 때에는 침해행위를 조성한 물건(물건을 생산하는 방법의\n발명인 경우에는 침해행위로 생긴 물건을 포함한다)의 폐기, 침해행위에 제공된 설비의 제거, 그 밖에 침해의 예방\n에 필요한 행위를 청구할 수 있다.\n[전문개정 2014. 6. 11.]', '제132조(자료의 제출) ①법원은 특허권 또는 전용실시권 침해소송에서 당사자의 신청에 의하여 상대방 당사자에게 해\n당 침해의 증명 또는 침해로 인한 손해액의 산정에 필요한 자료의 제출을 명할 수 있다. 다만, 그 자료의 소지자가 그\n자료의 제출을 거절할 정당한 이유가 있으면 그러하지 아니하다. <개정 2016. 3. 29.>']",제공된 문서에서 특허권 침해에 대한 형사처벌 및 공소제기의 특칙에 관한 내용은 찾을 수 없습니다.,특허권 또는 전용실시권을 침해한 자는 7년 이하의 징역 또는 1억원 이하의 벌금에 처한다. 이 죄는 피해자의 명시적인 의사에 반하여 공소(公訴)를 제기할 수 없다.(제225조),0.9166666666361111,0.0,0.2222222219753086,1.0,0.0,0.0
"누가 특허를 받을 수 있는 권리를 가지며, 둘 이상이 공동으로 발명한 경우에는 어떻게 되는가?","['제30조(공지 등이 되지 아니한 발명으로 보는 경우) ① 특허를 받을 수 있는 권리를 가진 자의 발명이 다음 각 호의 어\n느 하나에 해당하게 된 경우 그 날부터 12개월 이내에 특허출원을 하면 그 특허출원된 발명에 대하여 제29조제1항\n또는 제2항을 적용할 때에는 그 발명은 같은 조 제1항 각 호의 어느 하나에 해당하지 아니한 것으로 본다.\n1. 특허를 받을 수 있는 권리를 가진 자에 의하여 그 발명이 제29조제1항 각 호의 어느 하나에 해당하게 된 경우. 다\n만, 조약 또는 법률에 따라 국내 또는 국외에서 출원공개되거나 등록공고된 경우는 제외한다.\n2. 특허를 받을 수 있는 권리를 가진 자의 의사에 반하여 그 발명이 제29조제1항 각 호의 어느 하나에 해당하게 된\n경우', '제31조 삭제 <2006. 3. 3.>\n \n제32조(특허를 받을 수 없는 발명) 공공의 질서 또는 선량한 풍속에 어긋나거나 공중의 위생을 해칠 우려가 있는 발명\n에 대해서는 제29조제1항에도 불구하고 특허를 받을 수 없다.\n[전문개정 2014. 6. 11.]\n \n제33조(특허를 받을 수 있는 자) ① 발명을 한 사람 또는 그 승계인은 이 법에서 정하는 바에 따라 특허를 받을 수 있는\n권리를 가진다. 다만, 지식재산처 직원 및 특허심판원 직원은 상속이나 유증(遺贈)의 경우를 제외하고는 재직 중 특\n허를 받을 수 없다. <개정 2025. 10. 1.>\n② 2명 이상이 공동으로 발명한 경우에는 특허를 받을 수 있는 권리를 공유한다.\n[전문개정 2014. 6. 11.]\n \n제34조(무권리자의 특허출원과 정당한 권리자의 보호) 발명자가 아닌 자로서 특허를 받을 수 있는 권리의 승계인이 아\n닌 자(이하 “무권리자”라 한다)가 한 특허출원이 제33조제1항 본문에 따른 특허를 받을 수 있는 권리를 가지지 아니\n한 사유로 제62조제2호에 해당하여 특허를 받지 못하게 된 경우에는 그 무권리자의 특허출원 후에 한 정당한 권리\n자의 특허출원은 무권리자가 특허출원한 때에 특허출원한 것으로 본다. 다만, 무권리자가 특허를 받지 못하게 된 날\n부터 30일이 지난 후에 정당한 권리자가 특허출원을 한 경우에는 그러하지 아니하다.', '[전문개정 2014. 6. 11.]\n \n제44조(공동출원) 특허를 받을 수 있는 권리가 공유인 경우에는 공유자 모두가 공동으로 특허출원을 하여야 한다.\n[전문개정 2014. 6. 11.]\n \n제45조(하나의 특허출원의 범위) ① 특허출원은 하나의 발명마다 하나의 특허출원으로 한다. 다만, 하나의 총괄적 발명\n의 개념을 형성하는 일 군(群)의 발명에 대하여 하나의 특허출원으로 할 수 있다.\n② 제1항 단서에 따라 일 군의 발명에 대하여 하나의 특허출원으로 할 수 있는 요건은 대통령령으로 정한다.\n[전문개정 2014. 6. 11.]\n \n제46조(절차의 보정) 지식재산처장 또는 특허심판원장은 특허에 관한 절차가 다음 각 호의 어느 하나에 해당하는 경우\n에는 기간을 정하여 보정을 명하여야 한다. 이 경우 보정명령을 받은 자는 그 기간에 그 보정명령에 대한 의견서를\n지식재산처장 또는 특허심판원장에게 제출할 수 있다. <개정 2025. 10. 1.>\n1. 제3조제1항 또는 제6조를 위반한 경우\n2. 이 법 또는 이 법에 따른 명령으로 정하는 방식을 위반한 경우\n3. 제82조에 따라 내야 할 수수료를 내지 아니한 경우\n[전문개정 2014. 6. 11.]', '제36조(선출원) ① 동일한 발명에 대하여 다른 날에 둘 이상의 특허출원이 있는 경우에는 먼저 특허출원한 자만이 그\n발명에 대하여 특허를 받을 수 있다.', '② 동일한 발명에 대하여 같은 날에 둘 이상의 특허출원이 있는 경우에는 특허출원인 간에 협의하여 정한 하나의\n특허출원인만이 그 발명에 대하여 특허를 받을 수 있다. 다만, 협의가 성립하지 아니하거나 협의를 할 수 없는 경우\n에는 어느 특허출원인도 그 발명에 대하여 특허를 받을 수 없다.']","특허를 받을 수 있는 권리는 **발명을 한 사람 또는 그 승계인**에게 있습니다(제33조 ①).  
또한 **2명 이상이 공동으로 발명한 경우에는 그 권리를 공유**하게 됩니다(제33조 ②).  

> **제33조(특허를 받을 수 있는 자) ①** 발명을 한 사람 또는 그 승계인은 … 특허를 받을 수 있는 권리를 가진다.  
> **제33조(특허를 받을 수 있는 자) ②** 2명 이상이 공동으로 발명한 경우에는 특허를 받을 수 있는 권리를 공유한다.","발명을 한 사람 또는 그 승계인은 특허법에서 정하는 바에 따라 특허를 받을 수 있는 권리를 가진다. 다만, 지식재산처 직원 및 특허심판원 직원은 상속이나 유증의 경우를 제외하고는 재직 중 특허를 받을 수 없다. 2명 이상이 공동으로 발명한 경우에는 특허를 받을 수 있는 권리를 공유한다.(제33조)",0.99999999998,1.0,0.4285714279591837,1.0,0.3426898906871692,0.67
특허출원서에는 무엇을 첨부하여야 하는가?,"['제217조(특허출원 등에 관한 서류 등의 반출 및 감정 등의 금지) ① 특허출원ㆍ심사ㆍ특허취소신청ㆍ심판ㆍ재심에 관\n한 서류 또는 특허원부는 다음 각 호의 어느 하나에 해당하는 경우에만 외부로 반출할 수 있다. <개정 2016. 2. 29.,\n2016. 12. 2., 2017. 11. 28., 2018. 4. 17., 2021. 8. 17., 2024. 2. 6., 2025. 10. 1.>\n1. 제58조제1항, 제3항 또는 제4항에 따른 선행기술의 조사 등을 위하여 특허출원 또는 심사에 관한 서류를 반출하\n는 경우\n1의2. 제164조의2제2항에 따른 조정을 위하여 특허출원ㆍ심사ㆍ특허취소신청ㆍ심판ㆍ재심에 관한 서류 또는 특허\n원부를 반출하는 경우\n2. 「산업재산 정보의 관리 및 활용 촉진에 관한 법률」 제12조제1항에 따른 산업재산문서 전자화업무의 위탁을 위하\n여 특허출원ㆍ심사ㆍ특허취소신청ㆍ심판ㆍ재심에 관한 서류 또는 특허원부를 반출하는 경우\n3. 「전자정부법」 제32조제2항에 따른 온라인 원격근무를 위하여 특허출원ㆍ심사ㆍ특허취소신청ㆍ심판ㆍ재심에 관\n한 서류 또는 특허원부를 반출하는 경우\n4. 외국 특허담당 정부기관 또는 국제기구와의 업무협약을 이행하기 위하여 특허출원 또는 심사에 관한 서류를 반\n출하는 경우', '제42조(특허출원) ① 특허를 받으려는 자는 다음 각 호의 사항을 적은 특허출원서를 지식재산처장에게 제출하여야 한\n다. <개정 2014. 6. 11., 2025. 10. 1.>\n1. 특허출원인의 성명 및 주소(법인인 경우에는 그 명칭 및 영업소의 소재지)\n2. 특허출원인의 대리인이 있는 경우에는 그 대리인의 성명 및 주소나 영업소의 소재지[대리인이 특허법인ㆍ특허법\n인(유한)인 경우에는 그 명칭, 사무소의 소재지 및 지정된 변리사의 성명]\n3. 발명의 명칭\n4. 발명자의 성명 및 주소\n② 제1항에 따른 특허출원서에는 발명의 설명ㆍ청구범위를 적은 명세서와 필요한 도면 및 요약서를 첨부하여야 한\n다.<개정 2014. 6. 11.>\n③ 제2항에 따른 발명의 설명은 다음 각 호의 요건을 모두 충족하여야 한다.<개정 2014. 6. 11.>\n1. 그 발명이 속하는 기술분야에서 통상의 지식을 가진 사람이 그 발명을 쉽게 실시할 수 있도록 명확하고 상세하게\n적을 것\n2. 그 발명의 배경이 되는 기술을 적을 것\n④ 제2항에 따른 청구범위에는 보호받으려는 사항을 적은 항(이하 “청구항”이라 한다)이 하나 이상 있어야 하며, 그\n청구항은 다음 각 호의 요건을 모두 충족하여야 한다.<개정 2014. 6. 11.>\n1. 발명의 설명에 의하여 뒷받침될 것\n2. 발명이 명확하고 간결하게 적혀 있을 것\n⑤ 삭제<2014. 6. 11.>\n⑥ 제2항에 따른 청구범위에는 보호받으려는 사항을 명확히 할 수 있도록 발명을 특정하는 데 필요하다고 인정되는\n구조ㆍ방법ㆍ기능ㆍ물질 또는 이들의 결합관계 등을 적어야 한다.<개정 2014. 6. 11.>', '② 특허출원ㆍ심사ㆍ특허취소신청ㆍ심판 또는 재심으로 계속 중인 사건의 내용이나 특허여부결정ㆍ심결 또는 결\n정의 내용에 관하여는 감정ㆍ증언하거나 질의에 응답할 수 없다.<개정 2016. 2. 29.>\n③ 제1항제4호에 따른 반출 요건ㆍ절차, 서류의 종류 등에 필요한 사항은 총리령으로 정한다.<신설 2017. 11. 28.,\n2025. 10. 1.>', '제203조(서면의 제출) ① 국제특허출원의 출원인은 국내서면제출기간에 다음 각 호의 사항을 적은 서면을 지식재산처\n장에게 제출하여야 한다. 이 경우 국제특허출원을 외국어로 출원한 출원인은 제201조제1항에 따른 국어번역문을 함\n께 제출하여야 한다. <개정 2025. 10. 1.>\n1. 출원인의 성명 및 주소(법인인 경우에는 그 명칭 및 영업소의 소재지)\n2. 출원인의 대리인이 있는 경우에는 그 대리인의 성명 및 주소나 영업소의 소재지[대리인이 특허법인ㆍ특허법인\n(유한)인 경우에는 그 명칭, 사무소의 소재지 및 지정된 변리사의 성명]', '제28조의3(전자문서에 의한 특허에 관한 절차의 수행) ① 특허에 관한 절차를 밟는 자는 이 법에 따라 지식재산처장 또\n는 특허심판원장에게 제출하는 특허출원서, 그 밖의 서류를 총리령으로 정하는 방식에 따라 전자문서화하고, 이를\n정보통신망을 이용하여 제출하거나 이동식 저장장치 등 전자적 기록매체에 수록하여 제출할 수 있다. <개정 2025.\n10. 1.>\n② 제1항에 따라 제출된 전자문서는 이 법에 따라 제출된 서류와 같은 효력을 가진다.\n③ 제1항에 따라 정보통신망을 이용하여 제출된 전자문서는 그 문서의 제출인이 정보통신망을 통하여 접수번호를\n확인할 수 있는 때에 지식재산처 또는 특허심판원에서 사용하는 접수용 전산정보처리조직의 파일에 기록된 내용으\n로 접수된 것으로 본다.<개정 2025. 10. 1.>\n④ 제1항에 따라 전자문서로 제출할 수 있는 서류의 종류ㆍ제출방법, 그 밖에 전자문서에 의한 서류의 제출에 필요\n한 사항은 총리령으로 정한다.<개정 2025. 10. 1.>\n[전문개정 2014. 6. 11.]']",특허출원서에는 **발명의 설명·청구범위를 적은 명세서와 필요한 도면 및 요약서**를 첨부해야 합니다【출처 2: 제42조(특허출원) 제2항】.,특허출원서에는 발명의 설명ㆍ청구범위를 적은 명세서와 필요한 도면 및 요약서를 첨부하여야 한다. 청구범위에는 보호받으려는 사항을 적은 항(청구항)이 하나 이상 있어야 한다.(제42조),0.4499999999775,1.0,0.49999999937499995,1.0,0.2381247424722216,0.86
심사관은 어떤 경우에 특허거절결정을 하여야 하는가?,"['제66조(특허결정) 심사관은 특허출원에 대하여 거절이유를 발견할 수 없으면 특허결정을 하여야 한다.\n[전문개정 2014. 6. 11.]\n \n제66조의2(직권보정 등) ① 심사관은 제66조에 따른 특허결정을 할 때에 특허출원서에 첨부된 명세서, 도면 또는 요약\n서에 적힌 사항이 명백히 잘못된 경우에는 직권으로 보정(이하 “직권보정”이라 한다)할 수 있다. 이 경우 직권보정은', '제171조(특허거절결정에 대한 심판의 특칙) 특허거절결정 또는 특허권의 존속기간의 연장등록거절결정에 대한 심판에\n는 제147조제1항ㆍ제2항, 제155조 및 제156조를 적용하지 아니한다.\n[전문개정 2009. 1. 30.]\n \n제172조(심사의 효력) 심사에서 밟은 특허에 관한 절차는 특허거절결정 또는 특허권의 존속기간의 연장등록거절결정\n에 대한 심판에서도 그 효력이 있다.\n[전문개정 2014. 6. 11.]\n \n제173조 삭제 <2009. 1. 30.>\n \n제174조 삭제 <2009. 1. 30.>\n \n제175조 삭제 <2009. 1. 30.>\n \n제176조(특허거절결정 등의 취소) ① 심판관은 제132조의17에 따른 심판이 청구된 경우에 그 청구가 이유 있다고 인정\n할 때에는 심결로써 특허거절결정 또는 특허권의 존속기간의 연장등록거절결정을 취소하여야 한다. <개정 2016. 2.\n29.>\n② 심판에서 제1항에 따라 특허거절결정 또는 특허권의 존속기간의 연장등록거절결정을 취소할 경우에는 심사에\n부칠 것이라는 심결을 할 수 있다.\n③ 제1항 및 제2항에 따른 심결에서 취소의 기본이 된 이유는 그 사건에 대하여 심사관을 기속한다.\n[전문개정 2014. 6. 11.]\n \n제177조 삭제 <1995. 1. 5.>\n \n 제8장 재심 <개정 2014. 6. 11.>\n \n제178조(재심의 청구) ① 당사자는 확정된 특허취소결정 또는 확정된 심결에 대하여 재심을 청구할 수 있다. <개정\n2016. 2. 29.>', '③ 제135조제1항ㆍ제2항에 따른 권리범위 확인심판을 청구할 때에는 특허발명과 대비할 수 있는 설명서 및 필요한\n도면을 첨부하여야 한다.<개정 2016. 2. 29.>\n④ 제138조제1항에 따른 통상실시권 허락의 심판의 심판청구서에는 제1항 각 호의 사항 외에 다음 사항을 추가로\n적어야 한다.\n1. 실시하려는 자기의 특허의 번호 및 명칭\n2. 실시되어야 할 타인의 특허발명ㆍ등록실용신안 또는 등록디자인의 번호ㆍ명칭 및 특허나 등록 연월일\n3. 특허발명ㆍ등록실용신안 또는 등록디자인의 통상실시권의 범위ㆍ기간 및 대가\n⑤ 제136조제1항에 따른 정정심판을 청구할 때에는 심판청구서에 정정한 명세서 또는 도면을 첨부하여야 한다.\n[전문개정 2014. 6. 11.]\n \n제140조의2(특허거절결정에 대한 심판청구방식) ① 제132조의17에 따라 특허거절결정에 대한 심판을 청구하려는 자는', '제62조(특허거절결정) 심사관은 특허출원이 다음 각 호의 어느 하나의 거절이유(이하 “거절이유”라 한다)에 해당하는\n경우에는 특허거절결정을 하여야 한다. <개정 2021. 10. 19.>\n1. 제25조ㆍ제29조ㆍ제32조ㆍ제36조제1항부터 제3항까지 또는 제44조에 따라 특허를 받을 수 없는 경우\n2. 제33조제1항 본문에 따른 특허를 받을 수 있는 권리를 가지지 아니하거나 같은 항 단서에 따라 특허를 받을 수\n없는 경우\n3. 조약을 위반한 경우\n4. 제42조제3항ㆍ제4항ㆍ제8항 또는 제45조에 따른 요건을 갖추지 아니한 경우\n5. 제47조제2항에 따른 범위를 벗어난 보정인 경우\n6. 제52조제1항에 따른 범위를 벗어난 분할출원 또는 제52조의2제1항에 따른 범위를 벗어나는 분리출원인 경우\n7. 제53조제1항에 따른 범위를 벗어난 변경출원인 경우', '제153조(심판절차의 중지) 제척 또는 기피 신청이 있으면 그 신청에 대한 결정이 있을 때까지 심판절차를 중지하여야\n한다. 다만, 긴급한 경우에는 그러하지 아니하다.\n[전문개정 2014. 6. 11.]\n \n제153조의2(심판관의 회피) 심판관이 제148조 또는 제150조에 해당하는 경우에는 특허심판원장의 허가를 받아 그 사\n건에 대한 심판을 회피할 수 있다.\n[전문개정 2014. 6. 11.]']","심사관은 특허출원이 다음 각 호 중 하나에 해당하는 경우에 특허거절결정을 하여야 합니다【출처 4】:

1. 제25조·제29조·제32조·제36조제1항부터 제3항까지 또는 제44조에 따라 특허를 받을 수 없는 경우  
2. 제33조제1항 본문에 따른 특허를 받을 권리가 없거나 같은 항 단서에 따라 특허를 받을 수 없는 경우  
3. 조약을 위반한 경우  
4. 제42조제3항·제4항·제8항 또는 제45조에 따른 요건을 갖추지 않은 경우  
5. 제47조제2항에 따른 범위를 벗어난 보정인 경우  
6. 제52조제1항에 따른 범위를 벗어난 분할출원 또는 제52조의2제1항에 따른 범위를 벗어나는 분리출원인 경우  
7. 제53조제1항에 따른 범위를 벗어난 변경출원인 경우.","심사관은 특허출원이 제62조 각 호의 거절이유 중 어느 하나에 해당하는 경우에는 특허거절결정을 하여야 한다. 거절이유에는 제25조ㆍ제29조ㆍ제32조ㆍ제36조제1항부터 제3항까지 또는 제44조에 따라 특허를 받을 수 없는 경우, 제33조제1항 본문에 따른 특허를 받을 수 있는 권리를 가지지 아니한 경우, 조약을 위반한 경우 등이 포함된다.(제62조)",0.999999999975,1.0,0.9090909082644627,1.0,0.3021535280285818,0.57
특허권의 설정등록을 받으려는 자는 몇 년분의 특허료를 내야 하는가?,"['제76조 삭제 <2006. 3. 3.>\n \n제77조 삭제 <2006. 3. 3.>\n \n제78조(심사 또는 소송절차의 중지) ① 특허출원의 심사에 필요한 경우에는 특허취소신청에 대한 결정이나 심결이 확\n정될 때까지 또는 소송절차가 완결될 때까지 그 심사절차를 중지할 수 있다. <개정 2016. 2. 29.>\n② 법원은 소송에 필요한 경우에는 특허출원에 대한 특허여부결정이 확정될 때까지 그 소송절차를 중지할 수 있다.\n③ 제1항 및 제2항에 따른 중지에 대해서는 불복할 수 없다.\n[전문개정 2014. 6. 11.]\n \n제78조의2 삭제 <2006. 3. 3.>\n \n 제4장 특허료 및 특허등록 등 <개정 2014. 6. 11.>\n \n제79조(특허료) ① 제87조제1항에 따른 특허권의 설정등록을 받으려는 자는 설정등록을 받으려는 날(이하 “설정등록일\n”이라 한다)부터 3년분의 특허료를 내야 하고, 특허권자는 그 다음 해부터의 특허료를 해당 권리의 설정등록일에 해\n당하는 날을 기준으로 매년 1년분씩 내야 한다.\n② 제1항에도 불구하고 특허권자는 그 다음 해부터의 특허료는 그 납부연도 순서에 따라 수년분 또는 모든 연도분\n을 함께 낼 수 있다.\n③ 제1항 및 제2항에 따른 특허료, 그 납부방법 및 납부기간, 그 밖에 필요한 사항은 총리령으로 정한다.<개정 2025.\n10. 1.>\n[전문개정 2014. 6. 11.]', '제87조(특허권의 설정등록 및 등록공고) ① 특허권은 설정등록에 의하여 발생한다.\n② 지식재산처장은 다음 각 호의 어느 하나에 해당하는 경우에는 특허권을 설정하기 위한 등록을 하여야 한다.<개\n정 2025. 10. 1.>\n1. 제79조제1항에 따라 특허료를 냈을 때\n2. 제81조제1항에 따라 특허료를 추가로 냈을 때\n3. 제81조의2제2항에 따라 특허료를 보전하였을 때\n4. 제81조의3제1항에 따라 특허료를 내거나 보전하였을 때\n5. 제83조제1항제1호 및 같은 조 제2항에 따라 그 특허료가 면제되었을 때\n③ 지식재산처장은 제2항에 따라 등록한 경우에는 다음 각 호의 사항을 특허공보에 게재하여 등록공고를 하여야 한\n다.<개정 2016. 2. 29., 2025. 10. 1.>\n1. 특허권자의 성명 및 주소(법인인 경우에는 그 명칭 및 영업소의 소재지를 말한다)\n2. 특허출원번호 및 출원연월일\n3. 발명자의 성명 및 주소\n4. 특허출원서에 첨부된 요약서\n5. 특허번호 및 설정등록연월일\n6. 등록공고연월일\n7. 제63조제1항 각 호 외의 부분 본문에 따라 통지한 거절이유에 선행기술에 관한 정보(선행기술이 적혀 있는 간행\n물의 명칭과 그 밖에 선행기술에 관한 정보의 소재지를 말한다)가 포함된 경우 그 정보\n8. 그 밖에 대통령령으로 정하는 사항\n④ 비밀취급이 필요한 특허발명에 대해서는 그 발명의 비밀취급이 해제될 때까지 그 특허의 등록공고를 보류하여\n야 하며, 그 발명의 비밀취급이 해제된 경우에는 지체 없이 제3항에 따라 등록공고를 하여야 한다.\n⑤ 삭제<2016. 2. 29.>\n[전문개정 2014. 6. 11.]', '제81조의3(특허료의 추가납부 또는 보전에 의한 특허출원과 특허권의 회복 등) ① 특허권의 설정등록을 받으려는 자\n또는 특허권자가 정당한 사유로 추가납부기간에 특허료를 내지 아니하였거나 보전기간에 보전하지 아니한 경우에는\n그 사유가 소멸한 날부터 2개월 이내에 그 특허료를 내거나 보전할 수 있다. 다만, 추가납부기간의 만료일 또는 보전\n기간의 만료일 중 늦은 날부터 1년이 지난 때에는 그러하지 아니하다. <개정 2021. 10. 19.>', '1. 특허권의 설정ㆍ이전ㆍ소멸ㆍ회복ㆍ처분의 제한 또는 존속기간의 연장\n2. 전용실시권 또는 통상실시권의 설정ㆍ보존ㆍ이전ㆍ변경ㆍ소멸 또는 처분의 제한\n3. 특허권ㆍ전용실시권 또는 통상실시권을 목적으로 하는 질권의 설정ㆍ이전ㆍ변경ㆍ소멸 또는 처분의 제한\n② 제1항에 따른 특허원부는 그 전부 또는 일부를 전자적 기록매체 등으로 작성할 수 있다.\n③ 제1항 및 제2항에서 규정한 사항 외에 등록사항 및 등록절차 등에 관하여 필요한 사항은 대통령령으로 정한다.\n④ 특허발명의 명세서 및 도면, 그 밖에 대통령령으로 정하는 서류는 특허원부의 일부로 본다.\n[전문개정 2014. 6. 11.]\n \n제86조(특허증의 발급) ① 지식재산처장은 특허권의 설정등록을 한 경우에는 총리령으로 정하는 바에 따라 특허권자에\n게 특허증을 발급하여야 한다. <개정 2025. 10. 1.>\n② 지식재산처장은 특허증이 특허원부나 그 밖의 서류와 맞지 아니하면 신청에 따라 또는 직권으로 특허증을 회수\n하여 정정발급하거나 새로운 특허증을 발급하여야 한다.<개정 2025. 10. 1.>\n③ 지식재산처장은 다음 각 호의 어느 하나에 해당하는 경우에는 결정, 심결 또는 이전등록에 따른 새로운 특허증을\n발급하여야 한다.<개정 2016. 2. 29., 2025. 10. 1.>\n1. 특허발명의 명세서 또는 도면의 정정을 인정한다는 취지의 결정 또는 심결이 확정된 경우\n2. 제99조의2제2항에 따라 특허권이 이전등록된 경우\n[전문개정 2014. 6. 11.]\n \n 제5장 특허권 <개정 2014. 6. 11.>', '제101조(특허권 및 전용실시권의 등록의 효력) ① 다음 각 호의 어느 하나에 해당하는 사항은 등록하여야만 효력이 발\n생한다.\n1. 특허권의 이전(상속이나 그 밖의 일반승계에 의한 경우는 제외한다), 포기에 의한 소멸 또는 처분의 제한\n2. 전용실시권의 설정ㆍ이전(상속이나 그 밖의 일반승계에 의한 경우는 제외한다)ㆍ변경ㆍ소멸(혼동에 의한 경우는\n제외한다) 또는 처분의 제한\n3. 특허권 또는 전용실시권을 목적으로 하는 질권의 설정ㆍ이전(상속이나 그 밖의 일반승계에 의한 경우는 제외한\n다)ㆍ변경ㆍ소멸(혼동에 의한 경우는 제외한다) 또는 처분의 제한\n② 제1항 각 호에 따른 특허권ㆍ전용실시권 및 질권의 상속이나 그 밖의 일반승계의 경우에는 지체 없이 그 취지를\n지식재산처장에게 신고하여야 한다.<개정 2025. 10. 1.>\n[전문개정 2014. 6. 11.]']",특허권의 설정등록을 받으려는 자는 **설정등록일로부터 3년분**의 특허료를 납부해야 합니다. (근거: 제79조 제1항),"특허권의 설정등록을 받으려는 자는 설정등록을 받으려는 날(설정등록일)부터 3년분의 특허료를 내야 하고, 특허권자는 그 다음 해부터의 특허료를 매년 1년분씩 내야 한다.(제79조제1항)",0.99999999998,1.0,0.3999999992,1.0,0.8133263525697153,0.86
의약품 등 허가에 장기간이 소요되는 발명의 경우 특허권 존속기간을 연장할 수 있는가?,"['제88조(특허권의 존속기간) ① 특허권의 존속기간은 제87조제1항에 따라 특허권을 설정등록한 날부터 특허출원일 후\n20년이 되는 날까지로 한다.\n② 정당한 권리자의 특허출원이 제34조 또는 제35조에 따라 특허된 경우에는 제1항의 특허권의 존속기간은 무권리\n자의 특허출원일의 다음 날부터 기산한다.\n[전문개정 2014. 6. 11.]\n \n제89조(허가등에 따른 특허권의 존속기간의 연장) ① 특허발명을 실시하기 위하여 다른 법령에 따라 허가를 받거나 등\n록 등을 하여야 하고, 그 허가 또는 등록 등(이하 “허가등”이라 한다)을 위하여 필요한 유효성ㆍ안전성 등의 시험으로\n인하여 장기간이 소요되는 대통령령으로 정하는 발명인 경우에는 제88조제1항에도 불구하고 그 실시할 수 없었던\n기간에 대하여 5년의 기간까지 그 특허권의 존속기간(제92조의5제2항에 따라 특허권의 존속기간의 연장이 등록된\n경우에는 그 연장된 날까지를 말한다 )을 한 차례만 연장할 수 있다. 다만, 허가등을 받은 날부터 14년을 초과하여 연\n장할 수 없다. <개정 2025. 1. 21.>\n② 제1항을 적용할 때 허가등을 받은 자에게 책임있는 사유로 소요된 기간은 제1항의 “실시할 수 없었던 기간”에 포\n함되지 아니한다.\n[전문개정 2014. 6. 11.]', '③ 특허권이 공유인 경우에는 공유자 모두가 공동으로 특허권의 존속기간의 연장등록출원을 하여야 한다.\n④ 제1항에 따른 특허권의 존속기간의 연장등록출원이 있으면 그 존속기간은 연장된 것으로 본다. 다만, 그 출원에\n관하여 제91조의 연장등록거절결정이 확정된 경우에는 그러하지 아니하다.\n⑤ 지식재산처장은 제1항에 따른 특허권의 존속기간의 연장등록출원이 있으면 제1항 각 호의 사항을 특허공보에\n게재하여야 한다.<개정 2025. 10. 1.>\n⑥ 연장등록출원인은 지식재산처장이 연장등록여부결정등본을 송달하기 전까지 연장등록출원서에 적혀 있는 사항\n중 제1항제3호부터 제6호까지의 사항(제3호 중 연장대상특허권의 특허번호는 제외한다)에 대하여 보정할 수 있다.\n다만, 제93조에 따라 준용되는 거절이유통지를 받은 후에는 해당 거절이유통지에 따른 의견서 제출기간에만 보정\n할 수 있다.<개정 2025. 10. 1.>\n⑦ 하나의 허가등에 대하여 둘 이상의 특허권이 있는 경우에는 연장등록출원인은 그 중 하나의 특허권에 대해서만\n존속기간의 연장등록출원을 하여야 하고, 하나의 허가등에 대하여 둘 이상의 특허권에 대한 존속기간의 연장등록출\n원이 있는 경우에는 어느 특허권의 존속기간도 연장할 수 없다.<신설 2025. 1. 21.>\n⑧ 특허권의 존속기간의 연장등록출원이 다음 각 호의 어느 하나에 해당하는 경우 그 출원은 제7항을 적용할 때는\n처음부터 없었던 것으로 본다.<신설 2025. 1. 21.>\n1. 포기, 무효 또는 취하된 경우', '② 제1항 각 호의 어느 하나에 해당하는 경우의 특허권의 효력은 다음 각 호의 어느 하나의 행위에 미치지 아니한\n다.<개정 2016. 2. 29., 2025. 1. 21.>\n1. 해당 특허취소결정 또는 심결이 확정된 후 재심청구 등록 전에 한 해당 발명의 선의의 실시\n2. 특허가 물건의 발명인 경우에는 그 물건의 생산에만 사용하는 물건을 해당 특허취소결정 또는 심결이 확정된 후\n재심청구 등록 전에 선의로 생산ㆍ양도ㆍ대여ㆍ수출 또는 수입하거나 양도 또는 대여의 청약을 하는 행위\n3. 특허가 방법의 발명인 경우에는 그 방법의 실시에만 사용하는 물건을 해당 특허취소결정 또는 심결이 확정된 후\n재심청구 등록 전에 선의로 생산ㆍ양도ㆍ대여ㆍ수출 또는 수입하거나 양도 또는 대여를 청약하는 행위\n[전문개정 2014. 6. 11.]', '2. 거절결정이나 거절한다는 취지의 심결이 확정된 경우\n[전문개정 2014. 6. 11.]\n \n제91조(허가등에 따른 특허권의 존속기간의 연장등록거절결정) 심사관은 제90조에 따른 특허권의 존속기간의 연장등\n록출원이 다음 각 호의 어느 하나에 해당하는 경우에는 그 출원에 대하여 연장등록거절결정을 하여야 한다. <개정\n2025. 1. 21.>\n1. 그 특허발명의 실시가 제89조제1항에 따른 허가등을 받을 필요가 있는 것으로 인정되지 아니하는 경우\n2. 그 특허권자 또는 그 특허권의 전용실시권이나 등록된 통상실시권을 가진 자가 제89조제1항에 따른 허가등을 받\n지 아니한 경우\n3. 연장신청의 기간이 제89조에 따라 인정되는 연장의 기간을 초과하는 경우\n4. 연장등록출원인이 해당 특허권자가 아닌 경우\n5. 제90조제3항을 위반하여 연장등록출원을 한 경우\n6. 제90조제7항을 위반하여 하나의 허가등에 대하여 둘 이상의 특허권에 대한 존속기간의 연장등록출원을 한 경우\n[전문개정 2014. 6. 11.]', '② 제1항에 따른 특허권의 존속기간의 연장등록출원은 제89조제1항에 따른 허가등을 받은 날부터 3개월 이내에 출\n원하여야 한다. 다만, 제88조에 따른 특허권의 존속기간의 만료 전 6개월 이후에는 그 특허권의 존속기간의 연장등\n록출원을 할 수 없다.']","네. 특허법 제89조(허가등에 따른 특허권의 존속기간의 연장)①에 따르면, **다른 법령에 따라 허가를 받아야 하고, 그 허가를 받기 위한 유효성·안전성 등의 시험에 장기간이 소요되는 대통령령이 정하는 발명**(예: 의약품 등)인 경우, 특허권의 기본 20년 존속기간에 **한 차례만** 최대 5년을 추가로 연장할 수 있습니다. 다만, 연장은 허가를 받은 날로부터 **14년을 초과할 수 없으며**, 허가등을 받은 자의 책임 있는 사유로 지연된 기간은 연장 대상에 포함되지 않습니다【출처 1 제89조(1)】.","특허발명을 실시하기 위하여 다른 법령에 따라 허가를 받거나 등록 등을 하여야 하고, 그 허가등을 위한 유효성ㆍ안전성 등의 시험으로 장기간이 소요되는 대통령령으로 정하는 발명의 경우에는 그 실시할 수 없었던 기간에 대하여 5년의 기간까지 한 차례만 특허권의 존속기간을 연장할 수 있다. 다만, 허가등을 받은 날부터 14년을 초과하여 연장할 수 없다.(제89조)",0.99999999998,1.0,0.3999999992,0.8333333333333334,0.4740706929914253,0.4
특허권자는 어떤 권리를 가지는가?,"['제37조(특허를 받을 수 있는 권리의 이전 등) ① 특허를 받을 수 있는 권리는 이전할 수 있다.\n② 특허를 받을 수 있는 권리는 질권의 목적으로 할 수 없다.\n③ 특허를 받을 수 있는 권리가 공유인 경우에는 각 공유자는 다른 공유자 모두의 동의를 받아야만 그 지분을 양도\n할 수 있다.\n[전문개정 2014. 6. 11.]\n \n제38조(특허를 받을 수 있는 권리의 승계) ① 특허출원 전에 이루어진 특허를 받을 수 있는 권리의 승계는 그 승계인이\n특허출원을 하여야 제3자에게 대항할 수 있다.\n② 동일한 자로부터 동일한 특허를 받을 수 있는 권리를 승계한 자가 둘 이상인 경우 그 승계한 권리에 대하여 같은\n날에 둘 이상의 특허출원이 있으면 특허출원인 간에 협의하여 정한 자에게만 승계의 효력이 발생한다.\n③ 동일한 자로부터 동일한 발명 및 고안에 대한 특허를 받을 수 있는 권리 및 실용신안등록을 받을 수 있는 권리를\n승계한 자가 둘 이상인 경우 그 승계한 권리에 대하여 같은 날에 특허출원 및 실용신안등록출원이 있으면 특허출원\n인 및 실용신안등록출원인 간에 협의하여 정한 자에게만 승계의 효력이 발생한다.\n④ 특허출원 후에는 특허를 받을 수 있는 권리의 승계는 상속, 그 밖의 일반승계의 경우를 제외하고는 특허출원인변\n경신고를 하여야만 그 효력이 발생한다.\n⑤ 특허를 받을 수 있는 권리의 상속, 그 밖의 일반승계가 있는 경우에는 승계인은 지체 없이 그 취지를 지식재산처\n장에게 신고하여야 한다.<개정 2025. 10. 1.>', '제31조 삭제 <2006. 3. 3.>\n \n제32조(특허를 받을 수 없는 발명) 공공의 질서 또는 선량한 풍속에 어긋나거나 공중의 위생을 해칠 우려가 있는 발명\n에 대해서는 제29조제1항에도 불구하고 특허를 받을 수 없다.\n[전문개정 2014. 6. 11.]\n \n제33조(특허를 받을 수 있는 자) ① 발명을 한 사람 또는 그 승계인은 이 법에서 정하는 바에 따라 특허를 받을 수 있는\n권리를 가진다. 다만, 지식재산처 직원 및 특허심판원 직원은 상속이나 유증(遺贈)의 경우를 제외하고는 재직 중 특\n허를 받을 수 없다. <개정 2025. 10. 1.>\n② 2명 이상이 공동으로 발명한 경우에는 특허를 받을 수 있는 권리를 공유한다.\n[전문개정 2014. 6. 11.]\n \n제34조(무권리자의 특허출원과 정당한 권리자의 보호) 발명자가 아닌 자로서 특허를 받을 수 있는 권리의 승계인이 아\n닌 자(이하 “무권리자”라 한다)가 한 특허출원이 제33조제1항 본문에 따른 특허를 받을 수 있는 권리를 가지지 아니\n한 사유로 제62조제2호에 해당하여 특허를 받지 못하게 된 경우에는 그 무권리자의 특허출원 후에 한 정당한 권리\n자의 특허출원은 무권리자가 특허출원한 때에 특허출원한 것으로 본다. 다만, 무권리자가 특허를 받지 못하게 된 날\n부터 30일이 지난 후에 정당한 권리자가 특허출원을 한 경우에는 그러하지 아니하다.', '제121조(질권) 특허권ㆍ전용실시권 또는 통상실시권을 목적으로 하는 질권을 설정하였을 때에는 질권자는 계약으로\n특별히 정한 경우를 제외하고는 해당 특허발명을 실시할 수 없다.\n[전문개정 2014. 6. 11.]\n \n제122조(질권행사 등으로 인한 특허권의 이전에 따른 통상실시권) 특허권자(공유인 특허권을 분할청구한 경우에는 분\n할청구를 한 공유자를 제외한 나머지 공유자를 말한다)는 특허권을 목적으로 하는 질권설정 또는 공유인 특허권의\n분할청구 이전에 그 특허발명을 실시하고 있는 경우에는 그 특허권이 경매 등에 의하여 이전되더라도 그 특허발명\n에 대하여 통상실시권을 가진다. 이 경우 특허권자는 경매 등에 의하여 특허권을 이전받은 자에게 상당한 대가를 지\n급하여야 한다. <개정 2021. 10. 19.>\n[전문개정 2014. 6. 11.]\n[제목개정 2021. 10. 19.]\n \n제123조(질권의 물상대위) 질권은 이 법에 따른 보상금이나 특허발명의 실시에 대하여 받을 대가나 물건에 대해서도\n행사할 수 있다. 다만, 그 보상금 등의 지급 또는 인도 전에 압류하여야 한다.\n[전문개정 2014. 6. 11.]', '제133조(특허의 무효심판) ① 이해관계인(제2호 본문의 경우에는 특허를 받을 수 있는 권리를 가진 자만 해당한다) 또\n는 심사관은 특허가 다음 각 호의 어느 하나에 해당하는 경우에는 무효심판을 청구할 수 있다. 이 경우 청구범위의\n청구항이 둘 이상인 경우에는 청구항마다 청구할 수 있다. <개정 2016. 2. 29., 2021. 10. 19.>\n1. 제25조, 제29조, 제32조, 제36조제1항부터 제3항까지, 제42조제3항제1호 또는 같은 조 제4항을 위반한 경우\n2. 제33조제1항 본문에 따른 특허를 받을 수 있는 권리를 가지지 아니하거나 제44조를 위반한 경우. 다만, 제99조의\n2제2항에 따라 이전등록된 경우에는 제외한다.\n3. 제33조제1항 단서에 따라 특허를 받을 수 없는 경우\n4. 특허된 후 그 특허권자가 제25조에 따라 특허권을 누릴 수 없는 자로 되거나 그 특허가 조약을 위반한 경우\n5. 조약을 위반하여 특허를 받을 수 없는 경우\n6. 제47조제2항 전단에 따른 범위를 벗어난 보정인 경우', '② 제81조의3제5항, 제103조부터 제105조까지, 제122조, 제182조, 제183조 및 「발명진흥법」 제10조제1항에 따른\n통상실시권은 등록이 없더라도 제1항에 따른 효력이 발생한다.\n③ 통상실시권의 이전ㆍ변경ㆍ소멸 또는 처분의 제한, 통상실시권을 목적으로 하는 질권의 설정ㆍ이전ㆍ변경ㆍ소\n멸 또는 처분의 제한은 이를 등록하여야만 제3자에게 대항할 수 있다.\n[전문개정 2014. 6. 11.]\n \n제119조(특허권 등의 포기의 제한) ① 특허권자는 다음 각 호의 모두의 동의를 받아야만 특허권을 포기할 수 있다.\n1. 전용실시권자\n2. 질권자\n3. 제100조제4항에 따른 통상실시권자\n4. 제102조제1항에 따른 통상실시권자\n5. 「발명진흥법」 제10조제1항에 따른 통상실시권자\n② 전용실시권자는 질권자 또는 제100조제4항에 따른 통상실시권자의 동의를 받아야만 전용실시권을 포기할 수 있\n다.\n③ 통상실시권자는 질권자의 동의를 받아야만 통상실시권을 포기할 수 있다.\n[전문개정 2014. 6. 11.]\n \n제120조(포기의 효과) 특허권ㆍ전용실시권 또는 통상실시권을 포기한 때에는 특허권ㆍ전용실시권 또는 통상실시권은\n그때부터 소멸된다.\n[전문개정 2014. 6. 11.]\n \n제121조(질권) 특허권ㆍ전용실시권 또는 통상실시권을 목적으로 하는 질권을 설정하였을 때에는 질권자는 계약으로\n특별히 정한 경우를 제외하고는 해당 특허발명을 실시할 수 없다.\n[전문개정 2014. 6. 11.]']","특허권자는 다음과 같은 권리를 가집니다.

1. **발명의 독점적 실시권** – 특허권자는 해당 발명을 스스로 독점적으로 실시할 수 있습니다.  
2. **전용·통상실시권의 부여·양도·포기** – 특허권자는 전용실시권·통상실시권을 타인에게 부여·양도하거나 포기할 수 있습니다. 다만, 포기하려면 전용실시권자·질권자·통상실시권자(제100조·제102조·「발명진흥법」제10조) 등 모든 이해관계인의 동의를 받아야 합니다【제119조(특허권 등의 포기의 제한)】.  
3. **질권 설정** – 특허권은 질권의 목적으로 설정될 수 있으며, 질권자는 계약으로 특별히 정하지 않는 한 해당 발명을 실시할 수 없습니다【제121조(질권)】.  
4. **질권 설정·이전 후에도 통상실시권 유지** – 특허권자가 질권 설정·이전 전에 이미 발명을 실시하고 있었다면, 그 특허권은 경매 등으로 이전되더라도 통상실시권을 유지합니다【제122조(질권행사 등으로 인한 특허권의 이전에 따른 통상실시권)】.  
5. **권리의 이전 가능** – “특허를 받을 수 있는 권리”(특허권을 취득할 수 있는 권리)는 이전할 수 있습니다【제37조(특허를 받을 수 있는 권리의 이전 등)】.

따라서 특허권자는 발명의 독점적 이용·허가·양도·포기·질권 설정 등과 관련된 다양한 권리를 행사할 수 있습니다.","특허권자는 업으로서 특허발명을 실시할 권리를 독점한다. 다만, 그 특허권에 관하여 전용실시권을 설정하였을 때에는 전용실시권자가 그 특허발명을 실시할 권리를 독점하는 범위에서는 그러하지 아니하다.(제94조)",0.99999999998,0.6666666666666666,0.1999999996,0.8,0.4111459220643019,0.29
특허권의 효력이 미치지 아니하는 경우는 무엇인가?,"['[전문개정 2011. 12. 2.]\n \n제94조(특허권의 효력) ① 특허권자는 업으로서 특허발명을 실시할 권리를 독점한다. 다만, 그 특허권에 관하여 전용실\n시권을 설정하였을 때에는 제100조제2항에 따라 전용실시권자가 그 특허발명을 실시할 권리를 독점하는 범위에서\n는 그러하지 아니하다. <개정 2019. 12. 10.>\n② 특허발명의 실시가 제2조제3호나목에 따른 방법의 사용을 청약하는 행위인 경우 특허권의 효력은 그 방법의 사\n용이 특허권 또는 전용실시권을 침해한다는 것을 알면서 그 방법의 사용을 청약하는 행위에만 미친다.<신설 2019.\n12. 10.>\n[전문개정 2014. 6. 11.]\n \n제95조(허가등에 따른 존속기간이 연장된 경우의 특허권의 효력) 제90조제4항에 따라 특허권의 존속기간이 연장된 특\n허권의 효력은 그 연장등록의 이유가 된 허가등의 대상물건(그 허가등에 있어 물건에 대하여 특정의 용도가 정하여\n져 있는 경우에는 그 용도에 사용되는 물건)에 관한 그 특허발명의 실시 행위에만 미친다.\n[전문개정 2014. 6. 11.]', '제96조(특허권의 효력이 미치지 아니하는 범위) ① 특허권의 효력은 다음 각 호의 어느 하나에 해당하는 사항에는 미치\n지 아니한다.\n1. 연구 또는 시험(「약사법」에 따른 의약품의 품목허가ㆍ품목신고 및 「농약관리법」에 따른 농약의 등록을 위한 연\n구 또는 시험을 포함한다)을 하기 위한 특허발명의 실시\n2. 국내를 통과하는데 불과한 선박ㆍ항공기ㆍ차량 또는 이에 사용되는 기계ㆍ기구ㆍ장치, 그 밖의 물건\n3. 특허출원을 한 때부터 국내에 있는 물건\n② 둘 이상의 의약[사람의 질병의 진단ㆍ경감ㆍ치료ㆍ처치(處置) 또는 예방을 위하여 사용되는 물건을 말한다. 이하\n같다]이 혼합되어 제조되는 의약의 발명 또는 둘 이상의 의약을 혼합하여 의약을 제조하는 방법의 발명에 관한 특\n허권의 효력은 「약사법」에 따른 조제행위와 그 조제에 의한 의약에는 미치지 아니한다.\n[전문개정 2014. 6. 11.]\n \n제97조(특허발명의 보호범위) 특허발명의 보호범위는 청구범위에 적혀 있는 사항에 의하여 정하여진다.\n[전문개정 2014. 6. 11.]\n \n제98조(타인의 특허발명 등과의 관계) 특허권자ㆍ전용실시권자 또는 통상실시권자는 특허발명이 그 특허발명의 특허\n출원일 전에 출원된 타인의 특허발명ㆍ등록실용신안 또는 등록디자인이나 그 디자인과 유사한 디자인을 이용하거나\n특허권이 그 특허발명의 특허출원일 전에 출원된 타인의 디자인권 또는 상표권과 저촉되는 경우에는 그 특허권자ㆍ\n실용신안권자ㆍ디자인권자 또는 상표권자의 허락을 받지 아니하고는 자기의 특허발명을 업으로서 실시할 수 없다.\n[전문개정 2014. 6. 11.]', '제181조(재심에 의하여 회복된 특허권의 효력 제한) ① 다음 각 호의 어느 하나에 해당하는 경우에 특허권의 효력은 해\n당 특허취소결정 또는 심결이 확정된 후 재심청구 등록 전에 선의로 수출 또는 수입하거나 국내에서 생산 또는 취득\n한 물건에는 미치지 아니한다. <개정 2016. 2. 29., 2025. 1. 21.>\n1. 무효가 된 특허권(존속기간이 연장등록된 특허권을 포함한다)이 재심에 의하여 회복된 경우\n2. 특허권의 권리범위에 속하지 아니한다는 심결이 확정된 후 재심에 의하여 그 심결과 상반되는 심결이 확정된 경\n우\n3. 거절한다는 취지의 심결이 있었던 특허출원 또는 특허권의 존속기간의 연장등록출원이 재심에 의하여 특허권의\n설정등록 또는 특허권의 존속기간의 연장등록이 된 경우\n4. 취소된 특허권이 재심에 의하여 회복된 경우', '제101조(특허권 및 전용실시권의 등록의 효력) ① 다음 각 호의 어느 하나에 해당하는 사항은 등록하여야만 효력이 발\n생한다.\n1. 특허권의 이전(상속이나 그 밖의 일반승계에 의한 경우는 제외한다), 포기에 의한 소멸 또는 처분의 제한\n2. 전용실시권의 설정ㆍ이전(상속이나 그 밖의 일반승계에 의한 경우는 제외한다)ㆍ변경ㆍ소멸(혼동에 의한 경우는\n제외한다) 또는 처분의 제한\n3. 특허권 또는 전용실시권을 목적으로 하는 질권의 설정ㆍ이전(상속이나 그 밖의 일반승계에 의한 경우는 제외한\n다)ㆍ변경ㆍ소멸(혼동에 의한 경우는 제외한다) 또는 처분의 제한\n② 제1항 각 호에 따른 특허권ㆍ전용실시권 및 질권의 상속이나 그 밖의 일반승계의 경우에는 지체 없이 그 취지를\n지식재산처장에게 신고하여야 한다.<개정 2025. 10. 1.>\n[전문개정 2014. 6. 11.]', '제37조(특허를 받을 수 있는 권리의 이전 등) ① 특허를 받을 수 있는 권리는 이전할 수 있다.\n② 특허를 받을 수 있는 권리는 질권의 목적으로 할 수 없다.\n③ 특허를 받을 수 있는 권리가 공유인 경우에는 각 공유자는 다른 공유자 모두의 동의를 받아야만 그 지분을 양도\n할 수 있다.\n[전문개정 2014. 6. 11.]\n \n제38조(특허를 받을 수 있는 권리의 승계) ① 특허출원 전에 이루어진 특허를 받을 수 있는 권리의 승계는 그 승계인이\n특허출원을 하여야 제3자에게 대항할 수 있다.\n② 동일한 자로부터 동일한 특허를 받을 수 있는 권리를 승계한 자가 둘 이상인 경우 그 승계한 권리에 대하여 같은\n날에 둘 이상의 특허출원이 있으면 특허출원인 간에 협의하여 정한 자에게만 승계의 효력이 발생한다.\n③ 동일한 자로부터 동일한 발명 및 고안에 대한 특허를 받을 수 있는 권리 및 실용신안등록을 받을 수 있는 권리를\n승계한 자가 둘 이상인 경우 그 승계한 권리에 대하여 같은 날에 특허출원 및 실용신안등록출원이 있으면 특허출원\n인 및 실용신안등록출원인 간에 협의하여 정한 자에게만 승계의 효력이 발생한다.\n④ 특허출원 후에는 특허를 받을 수 있는 권리의 승계는 상속, 그 밖의 일반승계의 경우를 제외하고는 특허출원인변\n경신고를 하여야만 그 효력이 발생한다.\n⑤ 특허를 받을 수 있는 권리의 상속, 그 밖의 일반승계가 있는 경우에는 승계인은 지체 없이 그 취지를 지식재산처\n장에게 신고하여야 한다.<개정 2025. 10. 1.>']","특허권의 효력이 미치지 않는 경우는 **특허법 제96조(특허권의 효력이 미치지 아니하는 범위)**에 다음과 같이 규정되어 있습니다.

1. **연구·시험을 위한 실시**  
   - 연구 또는 시험(「약사법」에 따른 의약품의 품목허가·품목신고 및 「농약관리법」에 따른 농약의 등록을 위한 연구·시험 포함)을 하기 위한 특허발명의 실시.

2. **특정 물건에 대한 제한**  
   - 국내를 통과하는 선박·항공기·차량 또는 이에 사용되는 기계·기구·장치 등 그 밖의 물건.  
   - 특허출원을 한 때부터 국내에 이미 존재하는 물건.

3. **의약 혼합에 관한 제한**  
   - 둘 이상의 의약이 혼합되어 제조되는 의약의 발명 또는 둘 이상의 의약을 혼합하여 의약을 제조하는 방법의 발명에 관한 특허권은, 「약사법」에 따른 조제행위와 그 조제로 만든 의약에는 효력이 미치지 않는다.

> **근거:** 특허법 제96조(특허권의 효력이 미치지 아니하는 범위)①·②.","특허권의 효력은 연구 또는 시험을 하기 위한 특허발명의 실시, 국내를 통과하는 데 불과한 선박ㆍ항공기ㆍ차량 또는 이에 사용되는 기계ㆍ기구ㆍ장치 등의 물건, 특허출원을 한 때부터 국내에 있는 물건에는 미치지 아니한다. 또한 둘 이상의 의약이 혼합되어 제조되는 의약의 발명 또는 둘 이상의 의약을 혼합하여 의약을 제조하는 방법의 발명에 관한 특허권의 효력은 「약사법」에 따른 조제행위와 그 조제에 의한 의약에는 미치지 아니한다.(제96조)",0.99999999998,0.6666666666666666,0.24999999979166665,0.8333333333333334,0.30406240874601614,1.0
특허권이 공유인 경우 각 공유자가 자신의 지분을 양도하려면 어떻게 해야 하는가?,"['제99조(특허권의 이전 및 공유 등) ① 특허권은 이전할 수 있다.\n② 특허권이 공유인 경우에는 각 공유자는 다른 공유자 모두의 동의를 받아야만 그 지분을 양도하거나 그 지분을\n목적으로 하는 질권을 설정할 수 있다.\n③ 특허권이 공유인 경우에는 각 공유자는 계약으로 특별히 약정한 경우를 제외하고는 다른 공유자의 동의를 받지\n아니하고 그 특허발명을 자신이 실시할 수 있다.\n④ 특허권이 공유인 경우에는 각 공유자는 다른 공유자 모두의 동의를 받아야만 그 특허권에 대하여 전용실시권을\n설정하거나 통상실시권을 허락할 수 있다.\n[전문개정 2014. 6. 11.]\n \n제99조의2(특허권의 이전청구) ① 특허가 제133조제1항제2호 본문에 해당하는 경우에 특허를 받을 수 있는 권리를 가\n진 자는 법원에 해당 특허권의 이전(특허를 받을 수 있는 권리가 공유인 경우에는 그 지분의 이전을 말한다)을 청구\n할 수 있다.', '② 제1항에 따라 통상실시권을 가진 자는 특허권자 또는 전용실시권자에게 상당한 대가를 지급하여야 한다.\n[전문개정 2014. 6. 11.]', '제136조(정정심판) ① 특허권자는 다음 각 호의 어느 하나에 해당하는 경우에는 특허발명의 명세서 또는 도면에 대하\n여 정정심판을 청구할 수 있다. <개정 2016. 2. 29.>\n1. 청구범위를 감축하는 경우\n2. 잘못 기재된 사항을 정정하는 경우\n3. 분명하지 아니하게 기재된 사항을 명확하게 하는 경우', '[전문개정 2014. 6. 11.]\n \n제44조(공동출원) 특허를 받을 수 있는 권리가 공유인 경우에는 공유자 모두가 공동으로 특허출원을 하여야 한다.\n[전문개정 2014. 6. 11.]\n \n제45조(하나의 특허출원의 범위) ① 특허출원은 하나의 발명마다 하나의 특허출원으로 한다. 다만, 하나의 총괄적 발명\n의 개념을 형성하는 일 군(群)의 발명에 대하여 하나의 특허출원으로 할 수 있다.\n② 제1항 단서에 따라 일 군의 발명에 대하여 하나의 특허출원으로 할 수 있는 요건은 대통령령으로 정한다.\n[전문개정 2014. 6. 11.]\n \n제46조(절차의 보정) 지식재산처장 또는 특허심판원장은 특허에 관한 절차가 다음 각 호의 어느 하나에 해당하는 경우\n에는 기간을 정하여 보정을 명하여야 한다. 이 경우 보정명령을 받은 자는 그 기간에 그 보정명령에 대한 의견서를\n지식재산처장 또는 특허심판원장에게 제출할 수 있다. <개정 2025. 10. 1.>\n1. 제3조제1항 또는 제6조를 위반한 경우\n2. 이 법 또는 이 법에 따른 명령으로 정하는 방식을 위반한 경우\n3. 제82조에 따라 내야 할 수수료를 내지 아니한 경우\n[전문개정 2014. 6. 11.]', '② 제1항의 청구에 기초하여 특허권이 이전등록된 경우에는 다음 각 호의 권리는 그 특허권이 설정등록된 날부터\n이전등록을 받은 자에게 있는 것으로 본다.\n1. 해당 특허권\n2. 제65조제2항에 따른 보상금 지급 청구권\n3. 제207조제4항에 따른 보상금 지급 청구권\n③ 제1항의 청구에 따라 공유인 특허권의 지분을 이전하는 경우에는 제99조제2항에도 불구하고 다른 공유자의 동\n의를 받지 아니하더라도 그 지분을 이전할 수 있다.\n[본조신설 2016. 2. 29.]\n \n제100조(전용실시권) ① 특허권자는 그 특허권에 대하여 타인에게 전용실시권을 설정할 수 있다.\n② 전용실시권을 설정받은 전용실시권자는 그 설정행위로 정한 범위에서 그 특허발명을 업으로서 실시할 권리를\n독점한다.\n③ 전용실시권자는 다음 각 호의 경우를 제외하고는 특허권자의 동의를 받아야만 전용실시권을 이전할 수 있다.\n1. 전용실시권을 실시사업(實施事業)과 함께 이전하는 경우\n2. 상속이나 그 밖의 일반승계의 경우\n④ 전용실시권자는 특허권자의 동의를 받아야만 그 전용실시권을 목적으로 하는 질권을 설정하거나 통상실시권을\n허락할 수 있다.\n⑤ 전용실시권에 관하여는 제99조제2항부터 제4항까지의 규정을 준용한다.\n[전문개정 2014. 6. 11.]']","특허권이 공유인 경우 각 공유자가 자신의 지분을 양도하려면 원칙적으로 **다른 모든 공유자의 동의를 받아야 합니다**.  

- **근거:** 제99조 제2항 “특허권이 공유인 경우에는 각 공유자는 다른 공유자 모두의 동의를 받아야만 그 지분을 양도하거나 그 지분을 목적으로 하는 질권을 설정할 수 있다.”

다만, **법원의 판결 등에 따라 특허권 이전을 청구할 수 있는 경우**(제99조의2 제1항)에는 제99조 제2항의 동의 요건이 적용되지 않을 수 있습니다.  

- **근거:** 제109조 제3항 “제1항의 청구에 따라 공유인 특허권의 지분을 이전하는 경우에는 제99조제2항에도 불구하고 다른 공유자의 동의를 받지 아니하더라도 그 지분을 이전할 수 있다.”

따라서 일반적인 양도는 모든 공유자의 동의를 얻어야 하고, 법원의 이전청구 등에 따라 진행되는 경우에는 동의 없이도 양도가 가능합니다.","특허권은 이전할 수 있으며, 특허권이 공유인 경우에는 각 공유자는 다른 공유자 모두의 동의를 받아야만 그 지분을 양도하거나 그 지분을 목적으로 하는 질권을 설정할 수 있다.(제99조)",0.6999999999766667,1.0,0.999999995,1.0,0.44711839432229156,0.67
직접 침해가 아니더라도 특허권 침해로 보는 행위(간접침해)는 무엇인가?,"['제127조(침해로 보는 행위) 다음 각 호의 구분에 따른 행위를 업으로서 하는 경우에는 특허권 또는 전용실시권을 침해\n한 것으로 본다. <개정 2025. 1. 21.>\n1. 특허가 물건의 발명인 경우: 그 물건의 생산에만 사용하는 물건을 생산ㆍ양도ㆍ대여ㆍ수출 또는 수입하거나 그\n물건의 양도 또는 대여의 청약을 하는 행위\n2. 특허가 방법의 발명인 경우: 그 방법의 실시에만 사용하는 물건을 생산ㆍ양도ㆍ대여ㆍ수출 또는 수입하거나 그\n물건의 양도 또는 대여의 청약을 하는 행위\n[전문개정 2014. 6. 11.]\n \n제128조(손해배상청구권 등) ① 특허권자 또는 전용실시권자는 고의 또는 과실로 자기의 특허권 또는 전용실시권을 침\n해한 자에 대하여 침해로 인하여 입은 손해의 배상을 청구할 수 있다. <신설 2016. 3. 29.>\n② 제1항에 따라 손해배상을 청구하는 경우 그 권리를 침해한 자가 그 침해행위를 하게 한 물건을 양도하였을 때에\n는 다음 각 호에 해당하는 금액의 합계액을 특허권자 또는 전용실시권자가 입은 손해액으로 할 수 있다.<개정\n2020. 6. 9.>', '④ 제1항에 따라 손해배상을 청구하는 경우 특허권 또는 전용실시권을 침해한 자가 그 침해행위로 인하여 얻은 이\n익액을 특허권자 또는 전용실시권자가 입은 손해액으로 추정한다.<개정 2016. 3. 29.>', '제126조의2(구체적 행위의 내용ㆍ방식ㆍ형태 제시 의무) ① 특허권 또는 전용실시권 침해소송에서 특허권자 또는 전용\n실시권자가 주장하는 침해행위의 구체적 내용ㆍ방식ㆍ형태를 부인하는 당사자는 자기의 구체적 행위의 내용ㆍ방식\nㆍ형태를 제시하여야 한다. <개정 2025. 5. 27.>\n② 법원은 당사자가 제1항에도 불구하고 자기의 구체적 행위의 내용ㆍ방식ㆍ형태를 제시할 수 없는 정당한 이유가\n있다고 주장하는 경우에는 그 주장의 당부를 판단하기 위하여 그 당사자에게 자료의 제출을 명할 수 있다. 다만, 그\n자료의 소지자가 그 자료의 제출을 거절할 정당한 이유가 있으면 그러하지 아니하다.<개정 2025. 5. 27.>\n③ 제2항에 따른 자료제출명령에 관하여는 제132조제2항 및 제3항을 준용한다. 이 경우 제132조제3항 중 “침해의\n증명 또는 손해액의 산정에 반드시 필요한 때”를 “구체적 행위의 내용ㆍ방식ㆍ형태를 제시할 수 없는 정당한 이유\n의 유무 판단에 반드시 필요한 때”로 한다.<개정 2025. 5. 27.>\n④ 당사자가 정당한 이유 없이 자기의 구체적 행위의 내용ㆍ방식ㆍ형태를 제시하지 않는 경우에는 법원은 특허권\n자 또는 전용실시권자가 주장하는 침해행위의 구체적 내용ㆍ방식ㆍ형태를 진실한 것으로 인정할 수 있다.<개정\n2025. 5. 27.>\n[본조신설 2019. 1. 8.]\n[제목개정 2025. 5. 27.]', '⑨ 제8항에 따른 배상액을 판단할 때에는 다음 각 호의 사항을 고려하여야 한다.<신설 2019. 1. 8.>\n1. 침해행위를 한 자의 우월적 지위 여부\n2. 고의 또는 손해 발생의 우려를 인식한 정도\n3. 침해행위로 인하여 특허권자 및 전용실시권자가 입은 피해규모\n4. 침해행위로 인하여 침해한 자가 얻은 경제적 이익\n5. 침해행위의 기간ㆍ횟수 등\n6. 침해행위에 따른 벌금\n7. 침해행위를 한 자의 재산상태\n8. 침해행위를 한 자의 피해구제 노력의 정도\n[전문개정 2014. 6. 11.]\n[제목개정 2016. 3. 29.]', '⑤ 제1항에 따라 손해배상을 청구하는 경우 그 특허발명의 실시에 대하여 합리적으로 받을 수 있는 금액을 특허권\n자 또는 전용실시권자가 입은 손해액으로 하여 손해배상을 청구할 수 있다.<개정 2016. 3. 29., 2019. 1. 8.>\n⑥ 제5항에도 불구하고 손해액이 같은 항에 따른 금액을 초과하는 경우에는 그 초과액에 대해서도 손해배상을 청구\n할 수 있다. 이 경우 특허권 또는 전용실시권을 침해한 자에게 고의 또는 중대한 과실이 없을 때에는 법원은 손해배\n상액을 산정할 때 그 사실을 고려할 수 있다.<개정 2016. 3. 29.>\n⑦ 법원은 특허권 또는 전용실시권의 침해에 관한 소송에서 손해가 발생된 것은 인정되나 그 손해액을 증명하기 위\n하여 필요한 사실을 증명하는 것이 해당 사실의 성질상 극히 곤란한 경우에는 제2항부터 제6항까지의 규정에도 불\n구하고 변론 전체의 취지와 증거조사의 결과에 기초하여 상당한 손해액을 인정할 수 있다.<개정 2016. 3. 29.>\n⑧ 법원은 타인의 특허권 또는 전용실시권을 침해한 행위가 고의적인 것으로 인정되는 경우에는 제1항에도 불구하\n고 제2항부터 제7항까지의 규정에 따라 손해로 인정된 금액의 5배를 넘지 아니하는 범위에서 배상액을 정할 수 있\n다.<신설 2019. 1. 8., 2024. 2. 20.>\n⑨ 제8항에 따른 배상액을 판단할 때에는 다음 각 호의 사항을 고려하여야 한다.<신설 2019. 1. 8.>\n1. 침해행위를 한 자의 우월적 지위 여부\n2. 고의 또는 손해 발생의 우려를 인식한 정도\n3. 침해행위로 인하여 특허권자 및 전용실시권자가 입은 피해규모']","특허법 제127조(침해로 보는 행위)에서는 **직접 발명을 실시하지 않더라도** 다음과 같은 행위를 “업으로서” 행하면 특허권(또는 전용실시권)을 침해한 것으로 보도록 규정하고 있습니다. 이는 흔히 **간접침해**에 해당합니다.

| 구분 | 간접침해로 보는 행위 |
|------|-------------------|
| **특허가 물건의 발명인 경우** | 그 물건을 **생산·양도·대여·수출·수입**하거나, **그 물건의 양도 또는 대여의 청약**을 하는 행위 |
| **특허가 방법의 발명인 경우** | 그 방법의 실시에만 사용할 수 있는 물건을 **생산·양도·대여·수출·수입**하거나, **그 물건의 양도 또는 대여의 청약**을 하는 행위 |

위 행위들은 발명을 직접 실시하지 않더라도, 해당 물건을 거래하거나 제공함으로써 특허권을 침해한 것으로 간주됩니다.  

**근거:** 특허법 제127조(침해로 보는 행위)【출처 1】.","특허가 물건의 발명인 경우 그 물건의 생산에만 사용하는 물건을, 특허가 방법의 발명인 경우 그 방법의 실시에만 사용하는 물건을 업으로서 생산ㆍ양도ㆍ대여ㆍ수출 또는 수입하거나 그 물건의 양도 또는 대여의 청약을 하는 행위는 특허권 또는 전용실시권을 침해한 것으로 본다.(제127조)",0.94999999997625,1.0,0.3571428568877551,1.0,0.3071465843712573,0.83
특허권자는 자신의 특허권을 침해한 자에게 무엇을 청구할 수 있는가?,"['④ 제1항에 따라 손해배상을 청구하는 경우 특허권 또는 전용실시권을 침해한 자가 그 침해행위로 인하여 얻은 이\n익액을 특허권자 또는 전용실시권자가 입은 손해액으로 추정한다.<개정 2016. 3. 29.>', '제127조(침해로 보는 행위) 다음 각 호의 구분에 따른 행위를 업으로서 하는 경우에는 특허권 또는 전용실시권을 침해\n한 것으로 본다. <개정 2025. 1. 21.>\n1. 특허가 물건의 발명인 경우: 그 물건의 생산에만 사용하는 물건을 생산ㆍ양도ㆍ대여ㆍ수출 또는 수입하거나 그\n물건의 양도 또는 대여의 청약을 하는 행위\n2. 특허가 방법의 발명인 경우: 그 방법의 실시에만 사용하는 물건을 생산ㆍ양도ㆍ대여ㆍ수출 또는 수입하거나 그\n물건의 양도 또는 대여의 청약을 하는 행위\n[전문개정 2014. 6. 11.]\n \n제128조(손해배상청구권 등) ① 특허권자 또는 전용실시권자는 고의 또는 과실로 자기의 특허권 또는 전용실시권을 침\n해한 자에 대하여 침해로 인하여 입은 손해의 배상을 청구할 수 있다. <신설 2016. 3. 29.>\n② 제1항에 따라 손해배상을 청구하는 경우 그 권리를 침해한 자가 그 침해행위를 하게 한 물건을 양도하였을 때에\n는 다음 각 호에 해당하는 금액의 합계액을 특허권자 또는 전용실시권자가 입은 손해액으로 할 수 있다.<개정\n2020. 6. 9.>', '제133조(특허의 무효심판) ① 이해관계인(제2호 본문의 경우에는 특허를 받을 수 있는 권리를 가진 자만 해당한다) 또\n는 심사관은 특허가 다음 각 호의 어느 하나에 해당하는 경우에는 무효심판을 청구할 수 있다. 이 경우 청구범위의\n청구항이 둘 이상인 경우에는 청구항마다 청구할 수 있다. <개정 2016. 2. 29., 2021. 10. 19.>\n1. 제25조, 제29조, 제32조, 제36조제1항부터 제3항까지, 제42조제3항제1호 또는 같은 조 제4항을 위반한 경우\n2. 제33조제1항 본문에 따른 특허를 받을 수 있는 권리를 가지지 아니하거나 제44조를 위반한 경우. 다만, 제99조의\n2제2항에 따라 이전등록된 경우에는 제외한다.\n3. 제33조제1항 단서에 따라 특허를 받을 수 없는 경우\n4. 특허된 후 그 특허권자가 제25조에 따라 특허권을 누릴 수 없는 자로 되거나 그 특허가 조약을 위반한 경우\n5. 조약을 위반하여 특허를 받을 수 없는 경우\n6. 제47조제2항 전단에 따른 범위를 벗어난 보정인 경우', '제125조(특허실시보고) 지식재산처장은 특허권자ㆍ전용실시권자 또는 통상실시권자에게 특허발명의 실시 여부 및 그\n규모 등에 관하여 보고하게 할 수 있다. <개정 2025. 10. 1.>\n[전문개정 2014. 6. 11.]\n \n제125조의2(대가 및 보상금액에 대한 집행권원) 이 법에 따라 지식재산처장이 정한 대가와 보상금액에 관하여 확정된\n결정은 집행력 있는 집행권원(執行權原)과 같은 효력을 가진다. 이 경우 집행력 있는 정본은 지식재산처 소속 공무원\n이 부여한다. <개정 2025. 10. 1.>\n[전문개정 2014. 6. 11.]\n \n 제6장 특허권자의 보호 <개정 2014. 6. 11.>\n \n제126조(권리침해에 대한 금지청구권 등) ① 특허권자 또는 전용실시권자는 자기의 권리를 침해한 자 또는 침해할 우\n려가 있는 자에 대하여 그 침해의 금지 또는 예방을 청구할 수 있다.\n② 특허권자 또는 전용실시권자가 제1항에 따른 청구를 할 때에는 침해행위를 조성한 물건(물건을 생산하는 방법의\n발명인 경우에는 침해행위로 생긴 물건을 포함한다)의 폐기, 침해행위에 제공된 설비의 제거, 그 밖에 침해의 예방\n에 필요한 행위를 청구할 수 있다.\n[전문개정 2014. 6. 11.]', '[전문개정 2014. 6. 11.]\n \n제130조(과실의 추정) 타인의 특허권 또는 전용실시권을 침해한 자는 그 침해행위에 대하여 과실이 있는 것으로 추정\n한다.\n[전문개정 2014. 6. 11.]\n \n제131조(특허권자 등의 신용회복) 법원은 고의나 과실로 특허권 또는 전용실시권을 침해함으로써 특허권자 또는 전용\n실시권자의 업무상 신용을 떨어뜨린 자에 대해서는 특허권자 또는 전용실시권자의 청구에 의하여 손해배상을 갈음\n하여 또는 손해배상과 함께 특허권자 또는 전용실시권자의 업무상 신용회복을 위하여 필요한 조치를 명할 수 있다.\n[전문개정 2014. 6. 11.]']","특허권자는 침해자에게 다음과 같은 청구를 할 수 있습니다.

1. **손해배상 청구**  
   - 제128조(손해배상청구권 등)①에 따라, 고의·과실로 특허권을 침해한 자에게 침해로 인한 손해의 배상을 청구할 수 있습니다【출처 2】.

2. **침해 금지·예방 청구**  
   - 제126조(권리침해에 대한 금지청구권 등)①에 따라, 침해 행위의 금지 또는 예방을 청구할 수 있습니다.  
   - 제126조②에 따라, 침해행위를 조성한 물건의 폐기, 침해에 사용된 설비의 제거 등 침해 예방에 필요한 구체적 조치를 청구할 수 있습니다【출처 4】.

3. **업무상 신용 회복을 위한 조치 청구**  
   - 제131조에 따라, 침해로 인해 특허권자의 업무상 신용이 떨어진 경우, 손해배상을 갈음하거나 손해배상과 함께 신용 회복을 위한 필요한 조치를 법원이 명하도록 청구할 수 있습니다【출처 5】.",특허권자 또는 전용실시권자는 고의 또는 과실로 자기의 특허권 또는 전용실시권을 침해한 자에 대하여 침해로 인하여 입은 손해의 배상을 청구할 수 있다.(제128조제1항),0.8874999999778125,1.0,0.2857142853061225,0.8,0.36291754526500625,0.5
특허법상 기간을 계산할 때 첫날은 어떻게 처리하는가?,"['제14조(기간의 계산) 이 법 또는 이 법에 따른 명령에서 정한 기간의 계산은 다음 각 호에 따른다. <개정 2025. 11. 11.>\n1. 기간의 첫날은 계산에 넣지 아니한다. 다만, 그 기간이 오전 0시부터 시작하는 경우에는 계산에 넣는다.\n2. 기간을 월 또는 연(年)으로 정한 경우에는 역(曆)에 따라 계산한다.\n3. 월 또는 연의 처음부터 기간을 기산(起算)하지 아니하는 경우에는 마지막의 월 또는 연에서 그 기산일에 해당하\n는 날의 전날로 기간이 만료한다. 다만, 월 또는 연으로 정한 경우에 마지막 월에 해당하는 날이 없으면 그 월의\n마지막 날로 기간이 만료한다.\n4. 특허에 관한 절차에서 기간의 마지막 날이 공휴일(「노동절 제정에 관한 법률」에 따른 노동절 및 토요일을 포함한\n다)에 해당하면 기간은 그 다음 날로 만료한다.\n[전문개정 2014. 6. 11.]', '② 제1항제1호를 적용받으려는 자는 특허출원서에 그 취지를 적어 출원하여야 하고, 이를 증명할 수 있는 서류를\n총리령으로 정하는 방법에 따라 특허출원일부터 30일 이내에 지식재산처장에게 제출하여야 한다.<개정 2025. 10.\n1.>\n③ 제2항에도 불구하고 총리령으로 정하는 보완수수료를 납부한 경우에는 다음 각 호의 어느 하나에 해당하는 기간\n에 제1항제1호를 적용받으려는 취지를 적은 서류 또는 이를 증명할 수 있는 서류를 제출할 수 있다.<신설 2015. 1.\n28., 2025. 10. 1.>\n1. 제47조제1항에 따라 보정할 수 있는 기간\n2. 제66조에 따른 특허결정 또는 제176조제1항에 따른 특허거절결정 취소심결(특허등록을 결정한 심결에 한정하되,\n재심심결을 포함한다)의 등본을 송달받은 날부터 3개월 이내의 기간. 다만, 제79조에 따른 설정등록을 받으려는\n날이 3개월보다 짧은 경우에는 그 날까지의 기간\n[전문개정 2014. 6. 11.]', '⑦ 삭제<2014. 6. 11.>\n⑧ 제2항에 따른 청구범위의 기재방법에 관하여 필요한 사항은 대통령령으로 정한다.<개정 2014. 6. 11.>\n⑨ 제2항에 따른 발명의 설명, 도면 및 요약서의 기재방법 등에 관하여 필요한 사항은 총리령으로 정한다.<개정\n2014. 6. 11., 2025. 10. 1.>\n[제목개정 2014. 6. 11.]\n \n제42조의2(특허출원일 등) ① 특허출원일은 명세서 및 필요한 도면을 첨부한 특허출원서가 지식재산처장에게 도달한\n날로 한다. 이 경우 명세서에 청구범위는 적지 아니할 수 있으나, 발명의 설명은 적어야 한다. <개정 2025. 10. 1.>\n② 특허출원인은 제1항 후단에 따라 특허출원서에 최초로 첨부한 명세서에 청구범위를 적지 아니한 경우에는 제\n64조제1항 각 호의 구분에 따른 날부터 1년 2개월이 되는 날까지 명세서에 청구범위를 적는 보정을 하여야 한다.\n다만, 본문에 따른 기한 이전에 제60조제3항에 따른 출원심사 청구의 취지를 통지받은 경우에는 그 통지를 받은 날\n부터 3개월이 되는 날 또는 제64조제1항 각 호의 구분에 따른 날부터 1년 2개월이 되는 날 중 빠른 날까지 보정을\n하여야 한다.\n③ 특허출원인이 제2항에 따른 보정을 하지 아니한 경우에는 제2항에 따른 기한이 되는 날의 다음 날에 해당 특허\n출원을 취하한 것으로 본다.\n[본조신설 2014. 6. 11.]', '③ 특허출원된 발명과 실용신안등록출원된 고안이 동일한 경우 그 특허출원과 실용신안등록출원이 다른 날에 출원\n된 것이면 제1항을 준용하고, 그 특허출원과 실용신안등록출원이 같은 날에 출원된 것이면 제2항을 준용한다.\n④ 특허출원 또는 실용신안등록출원이 다음 각 호의 어느 하나에 해당하는 경우 그 특허출원 또는 실용신안등록출\n원은 제1항부터 제3항까지의 규정을 적용할 때에는 처음부터 없었던 것으로 본다. 다만, 제2항 단서(제3항에 따라\n준용되는 경우를 포함한다)에 해당하여 그 특허출원 또는 실용신안등록출원에 대하여 거절결정이나 거절한다는 취\n지의 심결이 확정된 경우에는 그러하지 아니하다.\n1. 포기, 무효 또는 취하된 경우\n2. 거절결정이나 거절한다는 취지의 심결이 확정된 경우\n⑤ 발명자 또는 고안자가 아닌 자로서 특허를 받을 수 있는 권리 또는 실용신안등록을 받을 수 있는 권리의 승계인\n이 아닌 자가 한 특허출원 또는 실용신안등록출원은 제1항부터 제3항까지의 규정을 적용할 때에는 처음부터 없었\n던 것으로 본다.\n⑥ 지식재산처장은 제2항의 경우에 특허출원인에게 기간을 정하여 협의의 결과를 신고할 것을 명하고, 그 기간에\n신고가 없으면 제2항에 따른 협의는 성립되지 아니한 것으로 본다.<개정 2025. 10. 1.>\n[전문개정 2014. 6. 11.]', '② 특허출원인이 특허출원서에 최초로 첨부한 명세서 및 도면을 제1항에 따른 언어로 적은 특허출원(이하 “외국어\n특허출원”이라 한다)을 한 경우에는 제64조제1항 각 호의 구분에 따른 날부터 1년 2개월이 되는 날까지 그 명세서\n및 도면의 국어번역문을 총리령으로 정하는 방법에 따라 제출하여야 한다. 다만, 본문에 따른 기한 이전에 제60조제\n3항에 따른 출원심사 청구의 취지를 통지받은 경우에는 그 통지를 받은 날부터 3개월이 되는 날 또는 제64조제1항\n각 호의 구분에 따른 날부터 1년 2개월이 되는 날 중 빠른 날까지 제출하여야 한다.<개정 2025. 10. 1.>']","특허법 제14조(기간의 계산) 제1항에 따르면, **기간의 첫날은 계산에 포함하지 않는다**. 다만, 그 기간이 오전 0시부터 시작하는 경우에는 첫날을 계산에 넣는다【출처 1】.","기간의 첫날은 계산에 넣지 아니한다. 다만, 그 기간이 오전 0시부터 시작하는 경우에는 계산에 넣는다. 기간을 월 또는 연(年)으로 정한 경우에는 역(曆)에 따라 계산한다.(제14조)",0.99999999998,1.0,0.8333333319444445,1.0,0.5573212014528254,0.8
지식재산처 또는 특허심판원 직원이 직무상 알게 된 특허출원 중인 발명의 비밀을 누설하면 어떤 처벌을 받는가?,"['[전문개정 2014. 6. 11.]\n \n제44조(공동출원) 특허를 받을 수 있는 권리가 공유인 경우에는 공유자 모두가 공동으로 특허출원을 하여야 한다.\n[전문개정 2014. 6. 11.]\n \n제45조(하나의 특허출원의 범위) ① 특허출원은 하나의 발명마다 하나의 특허출원으로 한다. 다만, 하나의 총괄적 발명\n의 개념을 형성하는 일 군(群)의 발명에 대하여 하나의 특허출원으로 할 수 있다.\n② 제1항 단서에 따라 일 군의 발명에 대하여 하나의 특허출원으로 할 수 있는 요건은 대통령령으로 정한다.\n[전문개정 2014. 6. 11.]\n \n제46조(절차의 보정) 지식재산처장 또는 특허심판원장은 특허에 관한 절차가 다음 각 호의 어느 하나에 해당하는 경우\n에는 기간을 정하여 보정을 명하여야 한다. 이 경우 보정명령을 받은 자는 그 기간에 그 보정명령에 대한 의견서를\n지식재산처장 또는 특허심판원장에게 제출할 수 있다. <개정 2025. 10. 1.>\n1. 제3조제1항 또는 제6조를 위반한 경우\n2. 이 법 또는 이 법에 따른 명령으로 정하는 방식을 위반한 경우\n3. 제82조에 따라 내야 할 수수료를 내지 아니한 경우\n[전문개정 2014. 6. 11.]', '제66조(특허결정) 심사관은 특허출원에 대하여 거절이유를 발견할 수 없으면 특허결정을 하여야 한다.\n[전문개정 2014. 6. 11.]\n \n제66조의2(직권보정 등) ① 심사관은 제66조에 따른 특허결정을 할 때에 특허출원서에 첨부된 명세서, 도면 또는 요약\n서에 적힌 사항이 명백히 잘못된 경우에는 직권으로 보정(이하 “직권보정”이라 한다)할 수 있다. 이 경우 직권보정은', '1. 포기, 무효 또는 취하된 경우\n2. 설정등록되었거나 특허거절결정, 실용신안등록거절결정 또는 거절한다는 취지의 심결이 확정된 경우\n3. 해당 선출원을 기초로 한 우선권 주장이 취하된 경우\n② 제55조제1항에 따른 우선권 주장을 수반하는 특허출원의 출원인은 선출원의 출원일부터 1년 3개월이 지난 후에\n는 그 우선권 주장을 취하할 수 없다.\n③ 제55조제1항에 따른 우선권 주장을 수반하는 특허출원이 선출원의 출원일부터 1년 3개월 이내에 취하된 때에는\n그 우선권 주장도 동시에 취하된 것으로 본다.\n[전문개정 2014. 6. 11.]\n \n 제3장 심사 <개정 2014. 6. 11.>\n \n제57조(심사관에 의한 심사) ① 지식재산처장은 심사관에게 특허출원을 심사하게 한다. <개정 2025. 10. 1.>\n② 심사관의 자격에 관하여 필요한 사항은 대통령령으로 정한다.\n[전문개정 2014. 6. 11.]', '제62조(특허거절결정) 심사관은 특허출원이 다음 각 호의 어느 하나의 거절이유(이하 “거절이유”라 한다)에 해당하는\n경우에는 특허거절결정을 하여야 한다. <개정 2021. 10. 19.>\n1. 제25조ㆍ제29조ㆍ제32조ㆍ제36조제1항부터 제3항까지 또는 제44조에 따라 특허를 받을 수 없는 경우\n2. 제33조제1항 본문에 따른 특허를 받을 수 있는 권리를 가지지 아니하거나 같은 항 단서에 따라 특허를 받을 수\n없는 경우\n3. 조약을 위반한 경우\n4. 제42조제3항ㆍ제4항ㆍ제8항 또는 제45조에 따른 요건을 갖추지 아니한 경우\n5. 제47조제2항에 따른 범위를 벗어난 보정인 경우\n6. 제52조제1항에 따른 범위를 벗어난 분할출원 또는 제52조의2제1항에 따른 범위를 벗어나는 분리출원인 경우\n7. 제53조제1항에 따른 범위를 벗어난 변경출원인 경우', '[전문개정 2014. 6. 11.]\n \n제103조(선사용에 의한 통상실시권) 특허출원 시에 그 특허출원된 발명의 내용을 알지 못하고 그 발명을 하거나 그 발\n명을 한 사람으로부터 알게 되어 국내에서 그 발명의 실시사업을 하거나 이를 준비하고 있는 자는 그 실시하거나 준\n비하고 있는 발명 및 사업목적의 범위에서 그 특허출원된 발명의 특허권에 대하여 통상실시권을 가진다.\n[전문개정 2014. 6. 11.]\n \n제103조의2(특허권의 이전청구에 따른 이전등록 전의 실시에 의한 통상실시권) ① 다음 각 호의 어느 하나에 해당하는\n자가 제99조의2제2항에 따른 특허권의 이전등록이 있기 전에 해당 특허가 제133조제1항제2호 본문에 해당하는 것\n을 알지 못하고 국내에서 해당 발명의 실시사업을 하거나 이를 준비하고 있는 경우에는 그 실시하거나 준비를 하고\n있는 발명 및 사업목적의 범위에서 그 특허권에 대하여 통상실시권을 가진다.\n1. 이전등록된 특허의 원(原)특허권자\n2. 이전등록된 특허권에 대하여 이전등록 당시에 이미 전용실시권이나 통상실시권 또는 그 전용실시권에 대한 통상\n실시권을 취득하고 등록을 받은 자. 다만, 제118조제2항에 따른 통상실시권을 취득한 자는 등록을 필요로 하지\n아니한다.\n② 제1항에 따라 통상실시권을 가진 자는 이전등록된 특허권자에게 상당한 대가를 지급하여야 한다.\n[본조신설 2016. 2. 29.]']",제공된 문서에서 해당 내용에 대한 근거를 찾을 수 없습니다.,지식재산처 또는 특허심판원 소속 직원이거나 직원이었던 사람이 특허출원 중인 발명에 관하여 직무상 알게 된 비밀을 누설하거나 도용한 경우에는 5년 이하의 징역 또는 5천만원 이하의 벌금에 처한다.(제226조제1항),0.19999999998,1.0,0.0,0.0,0.0,0.0
